[debug] [2026-05-15T14:16:34.855Z] ----------------------------------------------------------------------
[debug] [2026-05-15T14:16:34.858Z] Command:       C:\Program Files\nodejs\node.exe C:\Users\Local Admin\AppData\Roaming\npm\node_modules\firebase-tools\lib\bin\firebase.js serve
[debug] [2026-05-15T14:16:34.859Z] CLI Version:   15.18.0
[debug] [2026-05-15T14:16:34.859Z] Platform:      win32
[debug] [2026-05-15T14:16:34.859Z] Node Version:  v24.15.0
[debug] [2026-05-15T14:16:34.859Z] Time:          Fri May 15 2026 17:16:34 GMT+0300 (East Africa Time)
[debug] [2026-05-15T14:16:34.860Z] ----------------------------------------------------------------------
[debug] 
[debug] [2026-05-15T14:16:34.862Z] >>> [apiv2][query] GET https://firebase-public.firebaseio.com/cli.json [none]
[debug] [2026-05-15T14:16:36.376Z] > command requires scopes: ["email","openid","https://www.googleapis.com/auth/cloudplatformprojects.readonly","https://www.googleapis.com/auth/firebase","https://www.googleapis.com/auth/cloud-platform"]
[debug] [2026-05-15T14:16:36.377Z] > authorizing via signed-in user (abebaw1616@gmail.com)
[debug] [2026-05-15T14:16:36.377Z] [iam] checking project clon-2024 for permissions ["firebase.projects.get"]
[debug] [2026-05-15T14:16:36.377Z] Checked if tokens are valid: false, expires at: 1777653712954
[debug] [2026-05-15T14:16:36.378Z] Checked if tokens are valid: false, expires at: 1777653712954
[debug] [2026-05-15T14:16:36.378Z] > refreshing access token with scopes: []
[debug] [2026-05-15T14:16:36.379Z] >>> [apiv2][query] POST https://www.googleapis.com/oauth2/v3/token [none]
[debug] [2026-05-15T14:16:36.379Z] >>> [apiv2][body] POST https://www.googleapis.com/oauth2/v3/token [omitted]
[debug] [2026-05-15T14:16:41.012Z] <<< [apiv2][status] POST https://www.googleapis.com/oauth2/v3/token 200
[debug] [2026-05-15T14:16:41.013Z] <<< [apiv2][body] POST https://www.googleapis.com/oauth2/v3/token [omitted]
[debug] [2026-05-15T14:16:41.031Z] >>> [apiv2][query] POST https://cloudresourcemanager.googleapis.com/v1/projects/clon-2024:testIamPermissions [none]
[debug] [2026-05-15T14:16:41.032Z] >>> [apiv2][(partial)header] POST https://cloudresourcemanager.googleapis.com/v1/projects/clon-2024:testIamPermissions  x-goog-user-project=clon-2024
[debug] [2026-05-15T14:16:41.032Z] >>> [apiv2][body] POST https://cloudresourcemanager.googleapis.com/v1/projects/clon-2024:testIamPermissions {"permissions":["firebase.projects.get"]}
[debug] [2026-05-15T14:16:50.524Z] <<< [apiv2][status] POST https://cloudresourcemanager.googleapis.com/v1/projects/clon-2024:testIamPermissions 200
[debug] [2026-05-15T14:16:50.525Z] <<< [apiv2][body] POST https://cloudresourcemanager.googleapis.com/v1/projects/clon-2024:testIamPermissions {"permissions":["firebase.projects.get"]}
[debug] [2026-05-15T14:16:50.529Z] Checked if tokens are valid: true, expires at: 1778858200013
[debug] [2026-05-15T14:16:50.529Z] Checked if tokens are valid: true, expires at: 1778858200013
[debug] [2026-05-15T14:16:50.529Z] >>> [apiv2][query] GET https://cloudresourcemanager.googleapis.com/v1/projects/clon-2024 [none]
[debug] [2026-05-15T14:16:52.350Z] <<< [apiv2][status] GET https://firebase-public.firebaseio.com/cli.json 200
[debug] [2026-05-15T14:16:52.351Z] <<< [apiv2][body] GET https://firebase-public.firebaseio.com/cli.json {"cloudBuildErrorAfter":1594252800000,"cloudBuildWarnAfter":1590019200000,"defaultNode10After":1594252800000,"minVersion":"3.0.5","node8DeploysDisabledAfter":1613390400000,"node8RuntimeDisabledAfter":1615809600000,"node8WarnAfter":1600128000000}
[debug] [2026-05-15T14:16:52.758Z] <<< [apiv2][status] GET https://cloudresourcemanager.googleapis.com/v1/projects/clon-2024 200
[debug] [2026-05-15T14:16:52.758Z] <<< [apiv2][body] GET https://cloudresourcemanager.googleapis.com/v1/projects/clon-2024 {"projectNumber":"642541825167","projectId":"clon-2024","lifecycleState":"ACTIVE","name":"amazon-clone-2024","labels":{"firebase":"enabled"},"createTime":"2024-11-19T12:57:40.168076Z"}
[info] 
[info] === Serving from 'C:\Users\Local Admin\Desktop\amzon-clon-2024\amzon-clon-2024\Amazon-Clon-2024'...
[info] 
[debug] [2026-05-15T14:16:52.765Z] Checked if tokens are valid: true, expires at: 1778858200013
[debug] [2026-05-15T14:16:52.765Z] Checked if tokens are valid: true, expires at: 1778858200013
[debug] [2026-05-15T14:16:52.770Z] >>> [apiv2][query] GET https://firebasehosting.googleapis.com/v1beta1/projects/clon-2024/sites 
[debug] [2026-05-15T14:16:52.784Z] defaultcredentials: writing to file C:\Users\Local Admin\AppData\Roaming\firebase\abebaw1616_gmail_com_application_default_credentials.json
[debug] [2026-05-15T14:16:52.786Z] Setting GAC to C:\Users\Local Admin\AppData\Roaming\firebase\abebaw1616_gmail_com_application_default_credentials.json {"metadata":{"emulator":{"name":"functions"},"message":"Setting GAC to C:\\Users\\Local Admin\\AppData\\Roaming\\firebase\\abebaw1616_gmail_com_application_default_credentials.json"}}
[debug] [2026-05-15T14:16:52.786Z] Checked if tokens are valid: true, expires at: 1778858200013
[debug] [2026-05-15T14:16:52.786Z] Checked if tokens are valid: true, expires at: 1778858200013
[debug] [2026-05-15T14:16:52.786Z] >>> [apiv2][query] GET https://firebase.googleapis.com/v1beta1/projects/clon-2024/adminSdkConfig [none]
[debug] [2026-05-15T14:16:59.753Z] <<< [apiv2][status] GET https://firebase.googleapis.com/v1beta1/projects/clon-2024/adminSdkConfig 200
[debug] [2026-05-15T14:16:59.753Z] <<< [apiv2][body] GET https://firebase.googleapis.com/v1beta1/projects/clon-2024/adminSdkConfig {"projectId":"clon-2024","databaseURL":"https://clon-2024-default-rtdb.firebaseio.com","storageBucket":"clon-2024.firebasestorage.app"}
[debug] [2026-05-15T14:17:08.915Z] <<< [apiv2][status] GET https://firebasehosting.googleapis.com/v1beta1/projects/clon-2024/sites 200
[debug] [2026-05-15T14:17:08.915Z] <<< [apiv2][body] GET https://firebasehosting.googleapis.com/v1beta1/projects/clon-2024/sites {"sites":[{"name":"projects/clon-2024/sites/clon-2024","defaultUrl":"https://clon-2024.web.app","type":"DEFAULT_SITE"}]}
[debug] [2026-05-15T14:17:08.916Z] Checked if tokens are valid: true, expires at: 1778858200013
[debug] [2026-05-15T14:17:08.916Z] Checked if tokens are valid: true, expires at: 1778858200013
[debug] [2026-05-15T14:17:08.916Z] >>> [apiv2][query] GET https://firebase.googleapis.com/v1beta1/projects/clon-2024/webApps/-/config [none]
[debug] [2026-05-15T14:17:16.019Z] <<< [apiv2][status] GET https://firebase.googleapis.com/v1beta1/projects/clon-2024/webApps/-/config 200
[debug] [2026-05-15T14:17:16.019Z] <<< [apiv2][body] GET https://firebase.googleapis.com/v1beta1/projects/clon-2024/webApps/-/config {"projectId":"clon-2024","appId":"1:642541825167:web:5ec7a240de8b05c7fb54fa","databaseURL":"https://clon-2024-default-rtdb.firebaseio.com","storageBucket":"clon-2024.firebasestorage.app","apiKey":"AIzaSyC_LrDGDWAVMFVk6qF_6s1saFqSO4Epzec","authDomain":"clon-2024.firebaseapp.com","messagingSenderId":"642541825167","projectNumber":"642541825167","version":"2"}
[debug] [2026-05-15T14:17:16.036Z] Checked if tokens are valid: true, expires at: 1778858200013
[debug] [2026-05-15T14:17:16.036Z] Checked if tokens are valid: true, expires at: 1778858200013
[debug] [2026-05-15T14:17:16.036Z] >>> [apiv2][query] GET https://firebase.googleapis.com/v1beta1/projects/clon-2024 [none]
[debug] [2026-05-15T14:17:17.259Z] <<< [apiv2][status] GET https://firebase.googleapis.com/v1beta1/projects/clon-2024 200
[debug] [2026-05-15T14:17:17.259Z] <<< [apiv2][body] GET https://firebase.googleapis.com/v1beta1/projects/clon-2024 {"projectId":"clon-2024","projectNumber":"642541825167","displayName":"amazon-clone-2024","name":"projects/clon-2024","resources":{"hostingSite":"clon-2024","realtimeDatabaseInstance":"clon-2024-default-rtdb"},"state":"ACTIVE","etag":"1_4a48c2f8-901a-4ac5-b6b7-6176272f64d5"}
[info] i  functions: Watching "C:\Users\Local Admin\Desktop\amzon-clon-2024\amzon-clon-2024\Amazon-Clon-2024\functions" for Cloud Functions... {"metadata":{"emulator":{"name":"functions"},"message":"Watching \"C:\\Users\\Local Admin\\Desktop\\amzon-clon-2024\\amzon-clon-2024\\Amazon-Clon-2024\\functions\" for Cloud Functions..."}}
[info] i  hosting[clon-2024]: Serving hosting files from: build {"metadata":{"emulator":{"name":"hosting"},"message":"Serving hosting files from: \u001b[1mbuild\u001b[22m"}}
[info] +  hosting[clon-2024]: Local server: http://localhost:5000 {"metadata":{"emulator":{"name":"hosting"},"message":"Local server: \u001b[4m\u001b[1mhttp://localhost:5000\u001b[22m\u001b[24m"}}
[debug] [2026-05-15T14:17:17.275Z] Validating nodejs source
[warn] !  functions: package.json indicates an outdated version of firebase-functions. Please upgrade using npm install --save firebase-functions@latest in your functions directory. 
[warn] !  functions: Please note that there will be breaking changes when you upgrade. 
[debug] [2026-05-15T14:17:19.393Z] > [functions] package.json contents: {
  "name": "functions",
  "description": "Cloud Functions for Firebase",
  "scripts": {
    "lint": "eslint .",
    "serve": "firebase emulators:start --only functions",
    "shell": "firebase functions:shell",
    "start": "npm run shell",
    "deploy": "firebase deploy --only functions",
    "logs": "firebase functions:log"
  },
  "engines": {
    "node": "20"
  },
  "main": "index.js",
  "dependencies": {
    "cors": "^2.8.5",
    "dotenv": "^16.4.5",
    "express": "^4.21.1",
    "firebase-admin": "^12.6.0",
    "firebase-functions": "^6.1.2",
    "stripe": "^17.4.0"
  },
  "devDependencies": {
    "eslint": "^8.15.0",
    "eslint-config-google": "^0.14.0",
    "firebase-functions-test": "^3.1.0"
  },
  "private": true
}
[debug] [2026-05-15T14:17:19.393Z] Building nodejs source
[debug] [2026-05-15T14:17:19.394Z] Failed to find version of module node: reached end of search path C:\Users\Local Admin\Desktop\amzon-clon-2024\amzon-clon-2024\Amazon-Clon-2024\functions\node_modules
[warn] !  functions: Your requested "node" version "20" doesn't match your global version "24". Using node@24 from host. 
[info] i  functions: Loaded environment variables from .env. 
[debug] [2026-05-15T14:17:19.396Z] Could not find functions.yaml. Must use http discovery
[debug] [2026-05-15T14:17:19.404Z] Found firebase-functions binary at 'C:\Users\Local Admin\Desktop\amzon-clon-2024\amzon-clon-2024\Amazon-Clon-2024\functions\node_modules\.bin\firebase-functions'
[info] Serving at port 8394

[debug] [2026-05-15T14:17:20.167Z] Got response from /__/functions.yaml {"endpoints":{"api":{"availableMemoryMb":null,"timeoutSeconds":null,"minInstances":null,"maxInstances":null,"ingressSettings":null,"concurrency":null,"serviceAccountEmail":null,"vpc":null,"platform":"gcfv2","labels":{},"httpsTrigger":{},"entryPoint":"api"}},"specVersion":"v1alpha1","requiredAPIs":[],"extensions":{}}
[info] +  functions: Loaded functions definitions from source: api. {"metadata":{"emulator":{"name":"functions"},"message":"Loaded functions definitions from source: api."}}
[info] +  functions[us-central1-api]: http function initialized (http://localhost:5001/clon-2024/us-central1/api). {"metadata":{"emulator":{"name":"functions"},"message":"\u001b[1mhttp\u001b[22m function initialized (http://localhost:5001/clon-2024/us-central1/api)."}}
[debug] [2026-05-15T15:00:13.615Z] [work-queue] {"queuedWork":["/clon-2024/us-central1/api/payment/create-2026-05-15T15:00:13.615Z"],"queueLength":1,"runningWork":[],"workRunningCount":0}
[debug] [2026-05-15T15:00:13.617Z] [work-queue] {"queuedWork":[],"queueLength":0,"runningWork":["/clon-2024/us-central1/api/payment/create-2026-05-15T15:00:13.615Z"],"workRunningCount":1}
[debug] [2026-05-15T15:00:13.618Z] Accepted request POST /clon-2024/us-central1/api/payment/create?total=9428 --> us-central1-api
[debug] [2026-05-15T15:00:13.625Z] [functions] Runtime ready! Sending request! {"metadata":{"emulator":{"name":"functions"},"message":"[functions] Runtime ready! Sending request!"}}
[debug] [2026-05-15T15:00:13.626Z] [functions] Got req.url=/clon-2024/us-central1/api/payment/create?total=9428, mapping to path=/payment/create?total=9428 {"metadata":{"emulator":{"name":"functions"},"message":"[functions] Got req.url=/clon-2024/us-central1/api/payment/create?total=9428, mapping to path=/payment/create?total=9428"}}
[info] i  functions: Loaded environment variables from .env. 
[debug] [2026-05-15T15:00:13.660Z] [worker-pool] addWorker(us-central1-api) {"metadata":{"emulator":{"name":"functions"},"message":"[worker-pool] addWorker(us-central1-api)"}}
[debug] [2026-05-15T15:00:13.662Z] [worker-pool] Adding worker with key us-central1-api, total=1 {"metadata":{"emulator":{"name":"functions"},"message":"[worker-pool] Adding worker with key us-central1-api, total=1"}}
[debug] [2026-05-15T15:00:14.948Z] [runtime-status] [10572] Resolved module firebase-admin {"declared":true,"installed":true,"version":"12.7.0","resolution":"C:\\Users\\Local Admin\\Desktop\\amzon-clon-2024\\amzon-clon-2024\\Amazon-Clon-2024\\functions\\node_modules\\firebase-admin\\lib\\index.js"} {"metadata":{"emulator":{"name":"functions"},"function":{"name":"us-central1-api"},"extension":{},"message":"[runtime-status] [10572] Resolved module firebase-admin {\"declared\":true,\"installed\":true,\"version\":\"12.7.0\",\"resolution\":\"C:\\\\Users\\\\Local Admin\\\\Desktop\\\\amzon-clon-2024\\\\amzon-clon-2024\\\\Amazon-Clon-2024\\\\functions\\\\node_modules\\\\firebase-admin\\\\lib\\\\index.js\"}"}}
[debug] [2026-05-15T15:00:14.950Z] [runtime-status] [10572] Resolved module firebase-functions {"declared":true,"installed":true,"version":"6.1.2","resolution":"C:\\Users\\Local Admin\\Desktop\\amzon-clon-2024\\amzon-clon-2024\\Amazon-Clon-2024\\functions\\node_modules\\firebase-functions\\lib\\v2\\index.js"} {"metadata":{"emulator":{"name":"functions"},"function":{"name":"us-central1-api"},"extension":{},"message":"[runtime-status] [10572] Resolved module firebase-functions {\"declared\":true,\"installed\":true,\"version\":\"6.1.2\",\"resolution\":\"C:\\\\Users\\\\Local Admin\\\\Desktop\\\\amzon-clon-2024\\\\amzon-clon-2024\\\\Amazon-Clon-2024\\\\functions\\\\node_modules\\\\firebase-functions\\\\lib\\\\v2\\\\index.js\"}"}}
[debug] [2026-05-15T15:00:14.951Z] [runtime-status] [10572] Outgoing network have been stubbed. [{"name":"http","status":"mocked"},{"name":"http","status":"mocked"},{"name":"https","status":"mocked"},{"name":"https","status":"mocked"},{"name":"net","status":"mocked"}] {"metadata":{"emulator":{"name":"functions"},"function":{"name":"us-central1-api"},"extension":{},"message":"[runtime-status] [10572] Outgoing network have been stubbed. [{\"name\":\"http\",\"status\":\"mocked\"},{\"name\":\"http\",\"status\":\"mocked\"},{\"name\":\"https\",\"status\":\"mocked\"},{\"name\":\"https\",\"status\":\"mocked\"},{\"name\":\"net\",\"status\":\"mocked\"}]"}}
[debug] [2026-05-15T15:00:14.952Z] [runtime-status] [10572] Resolved module firebase-functions {"declared":true,"installed":true,"version":"6.1.2","resolution":"C:\\Users\\Local Admin\\Desktop\\amzon-clon-2024\\amzon-clon-2024\\Amazon-Clon-2024\\functions\\node_modules\\firebase-functions\\lib\\v2\\index.js"} {"metadata":{"emulator":{"name":"functions"},"function":{"name":"us-central1-api"},"extension":{},"message":"[runtime-status] [10572] Resolved module firebase-functions {\"declared\":true,\"installed\":true,\"version\":\"6.1.2\",\"resolution\":\"C:\\\\Users\\\\Local Admin\\\\Desktop\\\\amzon-clon-2024\\\\amzon-clon-2024\\\\Amazon-Clon-2024\\\\functions\\\\node_modules\\\\firebase-functions\\\\lib\\\\v2\\\\index.js\"}"}}
[debug] [2026-05-15T15:00:15.246Z] [runtime-status] [10572] Resolved module firebase-admin {"declared":true,"installed":true,"version":"12.7.0","resolution":"C:\\Users\\Local Admin\\Desktop\\amzon-clon-2024\\amzon-clon-2024\\Amazon-Clon-2024\\functions\\node_modules\\firebase-admin\\lib\\index.js"} {"metadata":{"emulator":{"name":"functions"},"function":{"name":"us-central1-api"},"extension":{},"message":"[runtime-status] [10572] Resolved module firebase-admin {\"declared\":true,\"installed\":true,\"version\":\"12.7.0\",\"resolution\":\"C:\\\\Users\\\\Local Admin\\\\Desktop\\\\amzon-clon-2024\\\\amzon-clon-2024\\\\Amazon-Clon-2024\\\\functions\\\\node_modules\\\\firebase-admin\\\\lib\\\\index.js\"}"}}
[debug] [2026-05-15T15:00:15.250Z] [runtime-status] [10572] Resolved module firebase-functions {"declared":true,"installed":true,"version":"6.1.2","resolution":"C:\\Users\\Local Admin\\Desktop\\amzon-clon-2024\\amzon-clon-2024\\Amazon-Clon-2024\\functions\\node_modules\\firebase-functions\\lib\\v2\\index.js"} {"metadata":{"emulator":{"name":"functions"},"function":{"name":"us-central1-api"},"extension":{},"message":"[runtime-status] [10572] Resolved module firebase-functions {\"declared\":true,\"installed\":true,\"version\":\"6.1.2\",\"resolution\":\"C:\\\\Users\\\\Local Admin\\\\Desktop\\\\amzon-clon-2024\\\\amzon-clon-2024\\\\Amazon-Clon-2024\\\\functions\\\\node_modules\\\\firebase-functions\\\\lib\\\\v2\\\\index.js\"}"}}
[debug] [2026-05-15T15:00:15.520Z] [runtime-status] [10572] firebase-admin has been stubbed. {"adminResolution":{"declared":true,"installed":true,"version":"12.7.0","resolution":"C:\\Users\\Local Admin\\Desktop\\amzon-clon-2024\\amzon-clon-2024\\Amazon-Clon-2024\\functions\\node_modules\\firebase-admin\\lib\\index.js"}} {"metadata":{"emulator":{"name":"functions"},"function":{"name":"us-central1-api"},"extension":{},"message":"[runtime-status] [10572] firebase-admin has been stubbed. {\"adminResolution\":{\"declared\":true,\"installed\":true,\"version\":\"12.7.0\",\"resolution\":\"C:\\\\Users\\\\Local Admin\\\\Desktop\\\\amzon-clon-2024\\\\amzon-clon-2024\\\\Amazon-Clon-2024\\\\functions\\\\node_modules\\\\firebase-admin\\\\lib\\\\index.js\"}}"}}
[debug] [2026-05-15T15:00:15.808Z] [runtime-status] [10572] Functions runtime initialized. {"cwd":"C:\\Users\\Local Admin\\Desktop\\amzon-clon-2024\\amzon-clon-2024\\Amazon-Clon-2024\\functions","node_version":"24.15.0"} {"metadata":{"emulator":{"name":"functions"},"function":{"name":"us-central1-api"},"extension":{},"message":"[runtime-status] [10572] Functions runtime initialized. {\"cwd\":\"C:\\\\Users\\\\Local Admin\\\\Desktop\\\\amzon-clon-2024\\\\amzon-clon-2024\\\\Amazon-Clon-2024\\\\functions\",\"node_version\":\"24.15.0\"}"}}
[debug] [2026-05-15T15:00:15.809Z] [runtime-status] [10572] Listening to port: \\?\pipe\fire_emu_8cafc24470a58950 {"metadata":{"emulator":{"name":"functions"},"function":{"name":"us-central1-api"},"extension":{},"message":"[runtime-status] [10572] Listening to port: \\\\?\\pipe\\fire_emu_8cafc24470a58950"}}
[debug] [2026-05-15T15:00:15.887Z] [worker-us-central1-api-12aaf816-cc4d-4f21-9d07-50b5832848be]: IDLE {"metadata":{"emulator":{"name":"functions"},"function":{"name":"us-central1-api"},"extension":{},"message":"[worker-us-central1-api-12aaf816-cc4d-4f21-9d07-50b5832848be]: IDLE"}}
[debug] [2026-05-15T15:00:15.887Z] [worker-pool] submitRequest(triggerId=us-central1-api) {"metadata":{"emulator":{"name":"functions"},"message":"[worker-pool] submitRequest(triggerId=us-central1-api)"}}
[info] i  functions: Beginning execution of "us-central1-api" {"metadata":{"emulator":{"name":"functions"},"function":{"name":"us-central1-api"},"extension":{},"message":"Beginning execution of \"us-central1-api\""}}
[debug] [2026-05-15T15:00:15.888Z] [worker-us-central1-api-12aaf816-cc4d-4f21-9d07-50b5832848be]: BUSY {"metadata":{"emulator":{"name":"functions"},"function":{"name":"us-central1-api"},"extension":{},"message":"[worker-us-central1-api-12aaf816-cc4d-4f21-9d07-50b5832848be]: BUSY"}}
[debug] [2026-05-15T15:00:17.244Z] Finishing up request with event=pause {"metadata":{"emulator":{"name":"functions"},"function":{"name":"us-central1-api"},"extension":{},"message":"Finishing up request with event=pause"}}
[info] i  functions: Finished "us-central1-api" in 1356.818702ms {"metadata":{"emulator":{"name":"functions"},"function":{"name":"us-central1-api"},"extension":{},"message":"Finished \"us-central1-api\" in 1356.818702ms"}}
[debug] [2026-05-15T15:00:17.245Z] [worker-us-central1-api-12aaf816-cc4d-4f21-9d07-50b5832848be]: IDLE {"metadata":{"emulator":{"name":"functions"},"function":{"name":"us-central1-api"},"extension":{},"message":"[worker-us-central1-api-12aaf816-cc4d-4f21-9d07-50b5832848be]: IDLE"}}
[debug] [2026-05-15T15:00:17.245Z] Finishing up request with event=finish {"metadata":{"emulator":{"name":"functions"},"function":{"name":"us-central1-api"},"extension":{},"message":"Finishing up request with event=finish"}}
[debug] [2026-05-15T15:00:17.245Z] Finishing up request with event=close {"metadata":{"emulator":{"name":"functions"},"function":{"name":"us-central1-api"},"extension":{},"message":"Finishing up request with event=close"}}
[debug] [2026-05-15T15:00:17.245Z] [work-queue] {"queuedWork":[],"queueLength":0,"runningWork":[],"workRunningCount":0}
[debug] [2026-05-15T15:01:32.308Z] [work-queue] {"queuedWork":["/clon-2024/us-central1/api/payment/create-2026-05-15T15:01:32.308Z"],"queueLength":1,"runningWork":[],"workRunningCount":0}
[debug] [2026-05-15T15:01:32.309Z] [work-queue] {"queuedWork":[],"queueLength":0,"runningWork":["/clon-2024/us-central1/api/payment/create-2026-05-15T15:01:32.308Z"],"workRunningCount":1}
[debug] [2026-05-15T15:01:32.309Z] Accepted request POST /clon-2024/us-central1/api/payment/create?total=9428 --> us-central1-api
[debug] [2026-05-15T15:01:32.314Z] [functions] Runtime ready! Sending request! {"metadata":{"emulator":{"name":"functions"},"message":"[functions] Runtime ready! Sending request!"}}
[debug] [2026-05-15T15:01:32.314Z] [functions] Got req.url=/clon-2024/us-central1/api/payment/create?total=9428, mapping to path=/payment/create?total=9428 {"metadata":{"emulator":{"name":"functions"},"message":"[functions] Got req.url=/clon-2024/us-central1/api/payment/create?total=9428, mapping to path=/payment/create?total=9428"}}
[debug] [2026-05-15T15:01:32.315Z] [worker-pool] submitRequest(triggerId=us-central1-api) {"metadata":{"emulator":{"name":"functions"},"message":"[worker-pool] submitRequest(triggerId=us-central1-api)"}}
[info] i  functions: Beginning execution of "us-central1-api" {"metadata":{"emulator":{"name":"functions"},"function":{"name":"us-central1-api"},"extension":{},"message":"Beginning execution of \"us-central1-api\""}}
[debug] [2026-05-15T15:01:32.315Z] [worker-us-central1-api-12aaf816-cc4d-4f21-9d07-50b5832848be]: BUSY {"metadata":{"emulator":{"name":"functions"},"function":{"name":"us-central1-api"},"extension":{},"message":"[worker-us-central1-api-12aaf816-cc4d-4f21-9d07-50b5832848be]: BUSY"}}
[debug] [2026-05-15T15:01:33.384Z] Finishing up request with event=pause {"metadata":{"emulator":{"name":"functions"},"function":{"name":"us-central1-api"},"extension":{},"message":"Finishing up request with event=pause"}}
[info] i  functions: Finished "us-central1-api" in 1069.310896ms {"metadata":{"emulator":{"name":"functions"},"function":{"name":"us-central1-api"},"extension":{},"message":"Finished \"us-central1-api\" in 1069.310896ms"}}
[debug] [2026-05-15T15:01:33.385Z] [worker-us-central1-api-12aaf816-cc4d-4f21-9d07-50b5832848be]: IDLE {"metadata":{"emulator":{"name":"functions"},"function":{"name":"us-central1-api"},"extension":{},"message":"[worker-us-central1-api-12aaf816-cc4d-4f21-9d07-50b5832848be]: IDLE"}}
[debug] [2026-05-15T15:01:33.385Z] Finishing up request with event=finish {"metadata":{"emulator":{"name":"functions"},"function":{"name":"us-central1-api"},"extension":{},"message":"Finishing up request with event=finish"}}
[debug] [2026-05-15T15:01:33.385Z] Finishing up request with event=close {"metadata":{"emulator":{"name":"functions"},"function":{"name":"us-central1-api"},"extension":{},"message":"Finishing up request with event=close"}}
[debug] [2026-05-15T15:01:33.385Z] [work-queue] {"queuedWork":[],"queueLength":0,"runningWork":[],"workRunningCount":0}
[debug] [2026-05-15T15:01:35.619Z] [work-queue] {"queuedWork":["/clon-2024/us-central1/api/payment/create-2026-05-15T15:01:35.618Z"],"queueLength":1,"runningWork":[],"workRunningCount":0}
[debug] [2026-05-15T15:01:35.619Z] [work-queue] {"queuedWork":[],"queueLength":0,"runningWork":["/clon-2024/us-central1/api/payment/create-2026-05-15T15:01:35.618Z"],"workRunningCount":1}
[debug] [2026-05-15T15:01:35.620Z] Accepted request POST /clon-2024/us-central1/api/payment/create?total=9428 --> us-central1-api
[debug] [2026-05-15T15:01:35.622Z] [functions] Runtime ready! Sending request! {"metadata":{"emulator":{"name":"functions"},"message":"[functions] Runtime ready! Sending request!"}}
[debug] [2026-05-15T15:01:35.623Z] [functions] Got req.url=/clon-2024/us-central1/api/payment/create?total=9428, mapping to path=/payment/create?total=9428 {"metadata":{"emulator":{"name":"functions"},"message":"[functions] Got req.url=/clon-2024/us-central1/api/payment/create?total=9428, mapping to path=/payment/create?total=9428"}}
[debug] [2026-05-15T15:01:35.623Z] [worker-pool] submitRequest(triggerId=us-central1-api) {"metadata":{"emulator":{"name":"functions"},"message":"[worker-pool] submitRequest(triggerId=us-central1-api)"}}
[info] i  functions: Beginning execution of "us-central1-api" {"metadata":{"emulator":{"name":"functions"},"function":{"name":"us-central1-api"},"extension":{},"message":"Beginning execution of \"us-central1-api\""}}
[debug] [2026-05-15T15:01:35.625Z] [worker-us-central1-api-12aaf816-cc4d-4f21-9d07-50b5832848be]: BUSY {"metadata":{"emulator":{"name":"functions"},"function":{"name":"us-central1-api"},"extension":{},"message":"[worker-us-central1-api-12aaf816-cc4d-4f21-9d07-50b5832848be]: BUSY"}}
[debug] [2026-05-15T15:01:36.316Z] Finishing up request with event=pause {"metadata":{"emulator":{"name":"functions"},"function":{"name":"us-central1-api"},"extension":{},"message":"Finishing up request with event=pause"}}
[info] i  functions: Finished "us-central1-api" in 691.936598ms {"metadata":{"emulator":{"name":"functions"},"function":{"name":"us-central1-api"},"extension":{},"message":"Finished \"us-central1-api\" in 691.936598ms"}}
[debug] [2026-05-15T15:01:36.317Z] [worker-us-central1-api-12aaf816-cc4d-4f21-9d07-50b5832848be]: IDLE {"metadata":{"emulator":{"name":"functions"},"function":{"name":"us-central1-api"},"extension":{},"message":"[worker-us-central1-api-12aaf816-cc4d-4f21-9d07-50b5832848be]: IDLE"}}
[debug] [2026-05-15T15:01:36.317Z] Finishing up request with event=finish {"metadata":{"emulator":{"name":"functions"},"function":{"name":"us-central1-api"},"extension":{},"message":"Finishing up request with event=finish"}}
[debug] [2026-05-15T15:01:36.318Z] Finishing up request with event=close {"metadata":{"emulator":{"name":"functions"},"function":{"name":"us-central1-api"},"extension":{},"message":"Finishing up request with event=close"}}
[debug] [2026-05-15T15:01:36.318Z] [work-queue] {"queuedWork":[],"queueLength":0,"runningWork":[],"workRunningCount":0}
[debug] [2026-05-15T15:02:51.260Z] [work-queue] {"queuedWork":["/clon-2024/us-central1/api/payment/create-2026-05-15T15:02:51.260Z"],"queueLength":1,"runningWork":[],"workRunningCount":0}
[debug] [2026-05-15T15:02:51.260Z] [work-queue] {"queuedWork":[],"queueLength":0,"runningWork":["/clon-2024/us-central1/api/payment/create-2026-05-15T15:02:51.260Z"],"workRunningCount":1}
[debug] [2026-05-15T15:02:51.260Z] Accepted request POST /clon-2024/us-central1/api/payment/create?total=9428 --> us-central1-api
[debug] [2026-05-15T15:02:51.263Z] [functions] Runtime ready! Sending request! {"metadata":{"emulator":{"name":"functions"},"message":"[functions] Runtime ready! Sending request!"}}
[debug] [2026-05-15T15:02:51.263Z] [functions] Got req.url=/clon-2024/us-central1/api/payment/create?total=9428, mapping to path=/payment/create?total=9428 {"metadata":{"emulator":{"name":"functions"},"message":"[functions] Got req.url=/clon-2024/us-central1/api/payment/create?total=9428, mapping to path=/payment/create?total=9428"}}
[debug] [2026-05-15T15:02:51.263Z] [worker-pool] submitRequest(triggerId=us-central1-api) {"metadata":{"emulator":{"name":"functions"},"message":"[worker-pool] submitRequest(triggerId=us-central1-api)"}}
[info] i  functions: Beginning execution of "us-central1-api" {"metadata":{"emulator":{"name":"functions"},"function":{"name":"us-central1-api"},"extension":{},"message":"Beginning execution of \"us-central1-api\""}}
[debug] [2026-05-15T15:02:51.264Z] [worker-us-central1-api-12aaf816-cc4d-4f21-9d07-50b5832848be]: BUSY {"metadata":{"emulator":{"name":"functions"},"function":{"name":"us-central1-api"},"extension":{},"message":"[worker-us-central1-api-12aaf816-cc4d-4f21-9d07-50b5832848be]: BUSY"}}
[debug] [2026-05-15T15:02:52.140Z] Finishing up request with event=pause {"metadata":{"emulator":{"name":"functions"},"function":{"name":"us-central1-api"},"extension":{},"message":"Finishing up request with event=pause"}}
[info] i  functions: Finished "us-central1-api" in 876.195634ms {"metadata":{"emulator":{"name":"functions"},"function":{"name":"us-central1-api"},"extension":{},"message":"Finished \"us-central1-api\" in 876.195634ms"}}
[debug] [2026-05-15T15:02:52.141Z] [worker-us-central1-api-12aaf816-cc4d-4f21-9d07-50b5832848be]: IDLE {"metadata":{"emulator":{"name":"functions"},"function":{"name":"us-central1-api"},"extension":{},"message":"[worker-us-central1-api-12aaf816-cc4d-4f21-9d07-50b5832848be]: IDLE"}}
[debug] [2026-05-15T15:02:52.141Z] Finishing up request with event=finish {"metadata":{"emulator":{"name":"functions"},"function":{"name":"us-central1-api"},"extension":{},"message":"Finishing up request with event=finish"}}
[debug] [2026-05-15T15:02:52.141Z] Finishing up request with event=close {"metadata":{"emulator":{"name":"functions"},"function":{"name":"us-central1-api"},"extension":{},"message":"Finishing up request with event=close"}}
[debug] [2026-05-15T15:02:52.141Z] [work-queue] {"queuedWork":[],"queueLength":0,"runningWork":[],"workRunningCount":0}
[debug] [2026-05-15T15:02:54.436Z] [work-queue] {"queuedWork":["/clon-2024/us-central1/api/payment/create-2026-05-15T15:02:54.436Z"],"queueLength":1,"runningWork":[],"workRunningCount":0}
[debug] [2026-05-15T15:02:54.437Z] [work-queue] {"queuedWork":[],"queueLength":0,"runningWork":["/clon-2024/us-central1/api/payment/create-2026-05-15T15:02:54.436Z"],"workRunningCount":1}
[debug] [2026-05-15T15:02:54.437Z] Accepted request POST /clon-2024/us-central1/api/payment/create?total=9428 --> us-central1-api
[debug] [2026-05-15T15:02:54.439Z] [functions] Runtime ready! Sending request! {"metadata":{"emulator":{"name":"functions"},"message":"[functions] Runtime ready! Sending request!"}}
[debug] [2026-05-15T15:02:54.439Z] [functions] Got req.url=/clon-2024/us-central1/api/payment/create?total=9428, mapping to path=/payment/create?total=9428 {"metadata":{"emulator":{"name":"functions"},"message":"[functions] Got req.url=/clon-2024/us-central1/api/payment/create?total=9428, mapping to path=/payment/create?total=9428"}}
[debug] [2026-05-15T15:02:54.439Z] [worker-pool] submitRequest(triggerId=us-central1-api) {"metadata":{"emulator":{"name":"functions"},"message":"[worker-pool] submitRequest(triggerId=us-central1-api)"}}
[info] i  functions: Beginning execution of "us-central1-api" {"metadata":{"emulator":{"name":"functions"},"function":{"name":"us-central1-api"},"extension":{},"message":"Beginning execution of \"us-central1-api\""}}
[debug] [2026-05-15T15:02:54.440Z] [worker-us-central1-api-12aaf816-cc4d-4f21-9d07-50b5832848be]: BUSY {"metadata":{"emulator":{"name":"functions"},"function":{"name":"us-central1-api"},"extension":{},"message":"[worker-us-central1-api-12aaf816-cc4d-4f21-9d07-50b5832848be]: BUSY"}}
[debug] [2026-05-15T15:02:54.951Z] Finishing up request with event=pause {"metadata":{"emulator":{"name":"functions"},"function":{"name":"us-central1-api"},"extension":{},"message":"Finishing up request with event=pause"}}
[info] i  functions: Finished "us-central1-api" in 511.843856ms {"metadata":{"emulator":{"name":"functions"},"function":{"name":"us-central1-api"},"extension":{},"message":"Finished \"us-central1-api\" in 511.843856ms"}}
[debug] [2026-05-15T15:02:54.952Z] [worker-us-central1-api-12aaf816-cc4d-4f21-9d07-50b5832848be]: IDLE {"metadata":{"emulator":{"name":"functions"},"function":{"name":"us-central1-api"},"extension":{},"message":"[worker-us-central1-api-12aaf816-cc4d-4f21-9d07-50b5832848be]: IDLE"}}
[debug] [2026-05-15T15:02:54.953Z] Finishing up request with event=finish {"metadata":{"emulator":{"name":"functions"},"function":{"name":"us-central1-api"},"extension":{},"message":"Finishing up request with event=finish"}}
[debug] [2026-05-15T15:02:54.953Z] Finishing up request with event=close {"metadata":{"emulator":{"name":"functions"},"function":{"name":"us-central1-api"},"extension":{},"message":"Finishing up request with event=close"}}
[debug] [2026-05-15T15:02:54.953Z] [work-queue] {"queuedWork":[],"queueLength":0,"runningWork":[],"workRunningCount":0}
[debug] [2026-05-15T15:02:57.223Z] [work-queue] {"queuedWork":["/clon-2024/us-central1/api/payment/create-2026-05-15T15:02:57.223Z"],"queueLength":1,"runningWork":[],"workRunningCount":0}
[debug] [2026-05-15T15:02:57.223Z] [work-queue] {"queuedWork":[],"queueLength":0,"runningWork":["/clon-2024/us-central1/api/payment/create-2026-05-15T15:02:57.223Z"],"workRunningCount":1}
[debug] [2026-05-15T15:02:57.223Z] Accepted request POST /clon-2024/us-central1/api/payment/create?total=9428 --> us-central1-api
[debug] [2026-05-15T15:02:57.224Z] [functions] Runtime ready! Sending request! {"metadata":{"emulator":{"name":"functions"},"message":"[functions] Runtime ready! Sending request!"}}
[debug] [2026-05-15T15:02:57.224Z] [functions] Got req.url=/clon-2024/us-central1/api/payment/create?total=9428, mapping to path=/payment/create?total=9428 {"metadata":{"emulator":{"name":"functions"},"message":"[functions] Got req.url=/clon-2024/us-central1/api/payment/create?total=9428, mapping to path=/payment/create?total=9428"}}
[debug] [2026-05-15T15:02:57.224Z] [worker-pool] submitRequest(triggerId=us-central1-api) {"metadata":{"emulator":{"name":"functions"},"message":"[worker-pool] submitRequest(triggerId=us-central1-api)"}}
[info] i  functions: Beginning execution of "us-central1-api" {"metadata":{"emulator":{"name":"functions"},"function":{"name":"us-central1-api"},"extension":{},"message":"Beginning execution of \"us-central1-api\""}}
[debug] [2026-05-15T15:02:57.224Z] [worker-us-central1-api-12aaf816-cc4d-4f21-9d07-50b5832848be]: BUSY {"metadata":{"emulator":{"name":"functions"},"function":{"name":"us-central1-api"},"extension":{},"message":"[worker-us-central1-api-12aaf816-cc4d-4f21-9d07-50b5832848be]: BUSY"}}
[debug] [2026-05-15T15:02:57.706Z] Finishing up request with event=pause {"metadata":{"emulator":{"name":"functions"},"function":{"name":"us-central1-api"},"extension":{},"message":"Finishing up request with event=pause"}}
[info] i  functions: Finished "us-central1-api" in 482.201247ms {"metadata":{"emulator":{"name":"functions"},"function":{"name":"us-central1-api"},"extension":{},"message":"Finished \"us-central1-api\" in 482.201247ms"}}
[debug] [2026-05-15T15:02:57.707Z] [worker-us-central1-api-12aaf816-cc4d-4f21-9d07-50b5832848be]: IDLE {"metadata":{"emulator":{"name":"functions"},"function":{"name":"us-central1-api"},"extension":{},"message":"[worker-us-central1-api-12aaf816-cc4d-4f21-9d07-50b5832848be]: IDLE"}}
[debug] [2026-05-15T15:02:57.707Z] Finishing up request with event=finish {"metadata":{"emulator":{"name":"functions"},"function":{"name":"us-central1-api"},"extension":{},"message":"Finishing up request with event=finish"}}
[debug] [2026-05-15T15:02:57.707Z] Finishing up request with event=close {"metadata":{"emulator":{"name":"functions"},"function":{"name":"us-central1-api"},"extension":{},"message":"Finishing up request with event=close"}}
[debug] [2026-05-15T15:02:57.708Z] [work-queue] {"queuedWork":[],"queueLength":0,"runningWork":[],"workRunningCount":0}
[debug] [2026-05-15T15:08:47.186Z] [work-queue] {"queuedWork":["/clon-2024/us-central1/api/payment/create-2026-05-15T15:08:47.186Z"],"queueLength":1,"runningWork":[],"workRunningCount":0}
[debug] [2026-05-15T15:08:47.187Z] [work-queue] {"queuedWork":[],"queueLength":0,"runningWork":["/clon-2024/us-central1/api/payment/create-2026-05-15T15:08:47.186Z"],"workRunningCount":1}
[debug] [2026-05-15T15:08:47.187Z] Accepted request POST /clon-2024/us-central1/api/payment/create?total=9428 --> us-central1-api
[debug] [2026-05-15T15:08:47.194Z] [functions] Runtime ready! Sending request! {"metadata":{"emulator":{"name":"functions"},"message":"[functions] Runtime ready! Sending request!"}}
[debug] [2026-05-15T15:08:47.195Z] [functions] Got req.url=/clon-2024/us-central1/api/payment/create?total=9428, mapping to path=/payment/create?total=9428 {"metadata":{"emulator":{"name":"functions"},"message":"[functions] Got req.url=/clon-2024/us-central1/api/payment/create?total=9428, mapping to path=/payment/create?total=9428"}}
[debug] [2026-05-15T15:08:47.196Z] [worker-pool] submitRequest(triggerId=us-central1-api) {"metadata":{"emulator":{"name":"functions"},"message":"[worker-pool] submitRequest(triggerId=us-central1-api)"}}
[info] i  functions: Beginning execution of "us-central1-api" {"metadata":{"emulator":{"name":"functions"},"function":{"name":"us-central1-api"},"extension":{},"message":"Beginning execution of \"us-central1-api\""}}
[debug] [2026-05-15T15:08:47.198Z] [worker-us-central1-api-12aaf816-cc4d-4f21-9d07-50b5832848be]: BUSY {"metadata":{"emulator":{"name":"functions"},"function":{"name":"us-central1-api"},"extension":{},"message":"[worker-us-central1-api-12aaf816-cc4d-4f21-9d07-50b5832848be]: BUSY"}}
[debug] [2026-05-15T15:09:10.423Z] Finishing up request with event=pause {"metadata":{"emulator":{"name":"functions"},"function":{"name":"us-central1-api"},"extension":{},"message":"Finishing up request with event=pause"}}
[info] i  functions: Finished "us-central1-api" in 23225.688774ms {"metadata":{"emulator":{"name":"functions"},"function":{"name":"us-central1-api"},"extension":{},"message":"Finished \"us-central1-api\" in 23225.688774ms"}}
[debug] [2026-05-15T15:09:10.425Z] [worker-us-central1-api-12aaf816-cc4d-4f21-9d07-50b5832848be]: IDLE {"metadata":{"emulator":{"name":"functions"},"function":{"name":"us-central1-api"},"extension":{},"message":"[worker-us-central1-api-12aaf816-cc4d-4f21-9d07-50b5832848be]: IDLE"}}
[debug] [2026-05-15T15:09:10.425Z] Finishing up request with event=finish {"metadata":{"emulator":{"name":"functions"},"function":{"name":"us-central1-api"},"extension":{},"message":"Finishing up request with event=finish"}}
[debug] [2026-05-15T15:09:10.426Z] Finishing up request with event=close {"metadata":{"emulator":{"name":"functions"},"function":{"name":"us-central1-api"},"extension":{},"message":"Finishing up request with event=close"}}
[debug] [2026-05-15T15:09:10.426Z] [work-queue] {"queuedWork":[],"queueLength":0,"runningWork":[],"workRunningCount":0}
[debug] [2026-05-15T15:09:23.615Z] [work-queue] {"queuedWork":["/clon-2024/us-central1/api/payment/create-2026-05-15T15:09:23.615Z"],"queueLength":1,"runningWork":[],"workRunningCount":0}
[debug] [2026-05-15T15:09:23.616Z] [work-queue] {"queuedWork":[],"queueLength":0,"runningWork":["/clon-2024/us-central1/api/payment/create-2026-05-15T15:09:23.615Z"],"workRunningCount":1}
[debug] [2026-05-15T15:09:23.616Z] Accepted request POST /clon-2024/us-central1/api/payment/create?total=9428 --> us-central1-api
[debug] [2026-05-15T15:09:23.622Z] [functions] Runtime ready! Sending request! {"metadata":{"emulator":{"name":"functions"},"message":"[functions] Runtime ready! Sending request!"}}
[debug] [2026-05-15T15:09:23.623Z] [functions] Got req.url=/clon-2024/us-central1/api/payment/create?total=9428, mapping to path=/payment/create?total=9428 {"metadata":{"emulator":{"name":"functions"},"message":"[functions] Got req.url=/clon-2024/us-central1/api/payment/create?total=9428, mapping to path=/payment/create?total=9428"}}
[debug] [2026-05-15T15:09:23.623Z] [worker-pool] submitRequest(triggerId=us-central1-api) {"metadata":{"emulator":{"name":"functions"},"message":"[worker-pool] submitRequest(triggerId=us-central1-api)"}}
[info] i  functions: Beginning execution of "us-central1-api" {"metadata":{"emulator":{"name":"functions"},"function":{"name":"us-central1-api"},"extension":{},"message":"Beginning execution of \"us-central1-api\""}}
[debug] [2026-05-15T15:09:23.626Z] [worker-us-central1-api-12aaf816-cc4d-4f21-9d07-50b5832848be]: BUSY {"metadata":{"emulator":{"name":"functions"},"function":{"name":"us-central1-api"},"extension":{},"message":"[worker-us-central1-api-12aaf816-cc4d-4f21-9d07-50b5832848be]: BUSY"}}
[debug] [2026-05-15T15:09:24.664Z] Finishing up request with event=pause {"metadata":{"emulator":{"name":"functions"},"function":{"name":"us-central1-api"},"extension":{},"message":"Finishing up request with event=pause"}}
[info] i  functions: Finished "us-central1-api" in 1037.992654ms {"metadata":{"emulator":{"name":"functions"},"function":{"name":"us-central1-api"},"extension":{},"message":"Finished \"us-central1-api\" in 1037.992654ms"}}
[debug] [2026-05-15T15:09:24.665Z] [worker-us-central1-api-12aaf816-cc4d-4f21-9d07-50b5832848be]: IDLE {"metadata":{"emulator":{"name":"functions"},"function":{"name":"us-central1-api"},"extension":{},"message":"[worker-us-central1-api-12aaf816-cc4d-4f21-9d07-50b5832848be]: IDLE"}}
[debug] [2026-05-15T15:09:24.666Z] Finishing up request with event=finish {"metadata":{"emulator":{"name":"functions"},"function":{"name":"us-central1-api"},"extension":{},"message":"Finishing up request with event=finish"}}
[debug] [2026-05-15T15:09:24.666Z] Finishing up request with event=close {"metadata":{"emulator":{"name":"functions"},"function":{"name":"us-central1-api"},"extension":{},"message":"Finishing up request with event=close"}}
[debug] [2026-05-15T15:09:24.667Z] [work-queue] {"queuedWork":[],"queueLength":0,"runningWork":[],"workRunningCount":0}
[debug] [2026-05-15T15:11:45.523Z] [work-queue] {"queuedWork":["/clon-2024/us-central1/api/payment/create-2026-05-15T15:11:45.522Z"],"queueLength":1,"runningWork":[],"workRunningCount":0}
[debug] [2026-05-15T15:11:45.523Z] [work-queue] {"queuedWork":[],"queueLength":0,"runningWork":["/clon-2024/us-central1/api/payment/create-2026-05-15T15:11:45.522Z"],"workRunningCount":1}
[debug] [2026-05-15T15:11:45.523Z] Accepted request POST /clon-2024/us-central1/api/payment/create?total=7198 --> us-central1-api
[debug] [2026-05-15T15:11:45.526Z] [functions] Runtime ready! Sending request! {"metadata":{"emulator":{"name":"functions"},"message":"[functions] Runtime ready! Sending request!"}}
[debug] [2026-05-15T15:11:45.527Z] [functions] Got req.url=/clon-2024/us-central1/api/payment/create?total=7198, mapping to path=/payment/create?total=7198 {"metadata":{"emulator":{"name":"functions"},"message":"[functions] Got req.url=/clon-2024/us-central1/api/payment/create?total=7198, mapping to path=/payment/create?total=7198"}}
[debug] [2026-05-15T15:11:45.527Z] [worker-pool] submitRequest(triggerId=us-central1-api) {"metadata":{"emulator":{"name":"functions"},"message":"[worker-pool] submitRequest(triggerId=us-central1-api)"}}
[info] i  functions: Beginning execution of "us-central1-api" {"metadata":{"emulator":{"name":"functions"},"function":{"name":"us-central1-api"},"extension":{},"message":"Beginning execution of \"us-central1-api\""}}
[debug] [2026-05-15T15:11:45.527Z] [worker-us-central1-api-12aaf816-cc4d-4f21-9d07-50b5832848be]: BUSY {"metadata":{"emulator":{"name":"functions"},"function":{"name":"us-central1-api"},"extension":{},"message":"[worker-us-central1-api-12aaf816-cc4d-4f21-9d07-50b5832848be]: BUSY"}}
[debug] [2026-05-15T15:11:46.671Z] Finishing up request with event=pause {"metadata":{"emulator":{"name":"functions"},"function":{"name":"us-central1-api"},"extension":{},"message":"Finishing up request with event=pause"}}
[info] i  functions: Finished "us-central1-api" in 1144.197539ms {"metadata":{"emulator":{"name":"functions"},"function":{"name":"us-central1-api"},"extension":{},"message":"Finished \"us-central1-api\" in 1144.197539ms"}}
[debug] [2026-05-15T15:11:46.672Z] [worker-us-central1-api-12aaf816-cc4d-4f21-9d07-50b5832848be]: IDLE {"metadata":{"emulator":{"name":"functions"},"function":{"name":"us-central1-api"},"extension":{},"message":"[worker-us-central1-api-12aaf816-cc4d-4f21-9d07-50b5832848be]: IDLE"}}
[debug] [2026-05-15T15:11:46.672Z] Finishing up request with event=finish {"metadata":{"emulator":{"name":"functions"},"function":{"name":"us-central1-api"},"extension":{},"message":"Finishing up request with event=finish"}}
[debug] [2026-05-15T15:11:46.673Z] Finishing up request with event=close {"metadata":{"emulator":{"name":"functions"},"function":{"name":"us-central1-api"},"extension":{},"message":"Finishing up request with event=close"}}
[debug] [2026-05-15T15:11:46.673Z] [work-queue] {"queuedWork":[],"queueLength":0,"runningWork":[],"workRunningCount":0}
[debug] [2026-05-15T15:12:45.669Z] [work-queue] {"queuedWork":["/clon-2024/us-central1/api/payment/create-2026-05-15T15:12:45.669Z"],"queueLength":1,"runningWork":[],"workRunningCount":0}
[debug] [2026-05-15T15:12:45.670Z] [work-queue] {"queuedWork":[],"queueLength":0,"runningWork":["/clon-2024/us-central1/api/payment/create-2026-05-15T15:12:45.669Z"],"workRunningCount":1}
[debug] [2026-05-15T15:12:45.670Z] Accepted request POST /clon-2024/us-central1/api/payment/create?total=7198 --> us-central1-api
[debug] [2026-05-15T15:12:45.677Z] [functions] Runtime ready! Sending request! {"metadata":{"emulator":{"name":"functions"},"message":"[functions] Runtime ready! Sending request!"}}
[debug] [2026-05-15T15:12:45.677Z] [functions] Got req.url=/clon-2024/us-central1/api/payment/create?total=7198, mapping to path=/payment/create?total=7198 {"metadata":{"emulator":{"name":"functions"},"message":"[functions] Got req.url=/clon-2024/us-central1/api/payment/create?total=7198, mapping to path=/payment/create?total=7198"}}
[debug] [2026-05-15T15:12:45.678Z] [worker-pool] submitRequest(triggerId=us-central1-api) {"metadata":{"emulator":{"name":"functions"},"message":"[worker-pool] submitRequest(triggerId=us-central1-api)"}}
[info] i  functions: Beginning execution of "us-central1-api" {"metadata":{"emulator":{"name":"functions"},"function":{"name":"us-central1-api"},"extension":{},"message":"Beginning execution of \"us-central1-api\""}}
[debug] [2026-05-15T15:12:45.679Z] [worker-us-central1-api-12aaf816-cc4d-4f21-9d07-50b5832848be]: BUSY {"metadata":{"emulator":{"name":"functions"},"function":{"name":"us-central1-api"},"extension":{},"message":"[worker-us-central1-api-12aaf816-cc4d-4f21-9d07-50b5832848be]: BUSY"}}
[debug] [2026-05-15T15:12:46.208Z] Finishing up request with event=pause {"metadata":{"emulator":{"name":"functions"},"function":{"name":"us-central1-api"},"extension":{},"message":"Finishing up request with event=pause"}}
[info] i  functions: Finished "us-central1-api" in 530.553638ms {"metadata":{"emulator":{"name":"functions"},"function":{"name":"us-central1-api"},"extension":{},"message":"Finished \"us-central1-api\" in 530.553638ms"}}
[debug] [2026-05-15T15:12:46.211Z] [worker-us-central1-api-12aaf816-cc4d-4f21-9d07-50b5832848be]: IDLE {"metadata":{"emulator":{"name":"functions"},"function":{"name":"us-central1-api"},"extension":{},"message":"[worker-us-central1-api-12aaf816-cc4d-4f21-9d07-50b5832848be]: IDLE"}}
[debug] [2026-05-15T15:12:46.211Z] Finishing up request with event=finish {"metadata":{"emulator":{"name":"functions"},"function":{"name":"us-central1-api"},"extension":{},"message":"Finishing up request with event=finish"}}
[debug] [2026-05-15T15:12:46.212Z] Finishing up request with event=close {"metadata":{"emulator":{"name":"functions"},"function":{"name":"us-central1-api"},"extension":{},"message":"Finishing up request with event=close"}}
[debug] [2026-05-15T15:12:46.213Z] [work-queue] {"queuedWork":[],"queueLength":0,"runningWork":[],"workRunningCount":0}
[debug] [2026-05-15T15:12:47.863Z] [work-queue] {"queuedWork":["/clon-2024/us-central1/api/payment/create-2026-05-15T15:12:47.863Z"],"queueLength":1,"runningWork":[],"workRunningCount":0}
[debug] [2026-05-15T15:12:47.864Z] [work-queue] {"queuedWork":[],"queueLength":0,"runningWork":["/clon-2024/us-central1/api/payment/create-2026-05-15T15:12:47.863Z"],"workRunningCount":1}
[debug] [2026-05-15T15:12:47.864Z] Accepted request POST /clon-2024/us-central1/api/payment/create?total=7198 --> us-central1-api
[debug] [2026-05-15T15:12:47.868Z] [functions] Runtime ready! Sending request! {"metadata":{"emulator":{"name":"functions"},"message":"[functions] Runtime ready! Sending request!"}}
[debug] [2026-05-15T15:12:47.868Z] [functions] Got req.url=/clon-2024/us-central1/api/payment/create?total=7198, mapping to path=/payment/create?total=7198 {"metadata":{"emulator":{"name":"functions"},"message":"[functions] Got req.url=/clon-2024/us-central1/api/payment/create?total=7198, mapping to path=/payment/create?total=7198"}}
[debug] [2026-05-15T15:12:47.868Z] [worker-pool] submitRequest(triggerId=us-central1-api) {"metadata":{"emulator":{"name":"functions"},"message":"[worker-pool] submitRequest(triggerId=us-central1-api)"}}
[info] i  functions: Beginning execution of "us-central1-api" {"metadata":{"emulator":{"name":"functions"},"function":{"name":"us-central1-api"},"extension":{},"message":"Beginning execution of \"us-central1-api\""}}
[debug] [2026-05-15T15:12:47.870Z] [worker-us-central1-api-12aaf816-cc4d-4f21-9d07-50b5832848be]: BUSY {"metadata":{"emulator":{"name":"functions"},"function":{"name":"us-central1-api"},"extension":{},"message":"[worker-us-central1-api-12aaf816-cc4d-4f21-9d07-50b5832848be]: BUSY"}}
[debug] [2026-05-15T15:12:48.373Z] Finishing up request with event=pause {"metadata":{"emulator":{"name":"functions"},"function":{"name":"us-central1-api"},"extension":{},"message":"Finishing up request with event=pause"}}
[info] i  functions: Finished "us-central1-api" in 503.980598ms {"metadata":{"emulator":{"name":"functions"},"function":{"name":"us-central1-api"},"extension":{},"message":"Finished \"us-central1-api\" in 503.980598ms"}}
[debug] [2026-05-15T15:12:48.375Z] [worker-us-central1-api-12aaf816-cc4d-4f21-9d07-50b5832848be]: IDLE {"metadata":{"emulator":{"name":"functions"},"function":{"name":"us-central1-api"},"extension":{},"message":"[worker-us-central1-api-12aaf816-cc4d-4f21-9d07-50b5832848be]: IDLE"}}
[debug] [2026-05-15T15:12:48.376Z] Finishing up request with event=finish {"metadata":{"emulator":{"name":"functions"},"function":{"name":"us-central1-api"},"extension":{},"message":"Finishing up request with event=finish"}}
[debug] [2026-05-15T15:12:48.376Z] Finishing up request with event=close {"metadata":{"emulator":{"name":"functions"},"function":{"name":"us-central1-api"},"extension":{},"message":"Finishing up request with event=close"}}
[debug] [2026-05-15T15:12:48.377Z] [work-queue] {"queuedWork":[],"queueLength":0,"runningWork":[],"workRunningCount":0}
[debug] [2026-05-15T15:18:27.344Z] [work-queue] {"queuedWork":["/clon-2024/us-central1/api/payment/create-2026-05-15T15:18:27.344Z"],"queueLength":1,"runningWork":[],"workRunningCount":0}
[debug] [2026-05-15T15:18:27.345Z] [work-queue] {"queuedWork":[],"queueLength":0,"runningWork":["/clon-2024/us-central1/api/payment/create-2026-05-15T15:18:27.344Z"],"workRunningCount":1}
[debug] [2026-05-15T15:18:27.345Z] Accepted request POST /clon-2024/us-central1/api/payment/create?total=9428 --> us-central1-api
[debug] [2026-05-15T15:18:27.353Z] [functions] Runtime ready! Sending request! {"metadata":{"emulator":{"name":"functions"},"message":"[functions] Runtime ready! Sending request!"}}
[debug] [2026-05-15T15:18:27.353Z] [functions] Got req.url=/clon-2024/us-central1/api/payment/create?total=9428, mapping to path=/payment/create?total=9428 {"metadata":{"emulator":{"name":"functions"},"message":"[functions] Got req.url=/clon-2024/us-central1/api/payment/create?total=9428, mapping to path=/payment/create?total=9428"}}
[debug] [2026-05-15T15:18:27.354Z] [worker-pool] submitRequest(triggerId=us-central1-api) {"metadata":{"emulator":{"name":"functions"},"message":"[worker-pool] submitRequest(triggerId=us-central1-api)"}}
[info] i  functions: Beginning execution of "us-central1-api" {"metadata":{"emulator":{"name":"functions"},"function":{"name":"us-central1-api"},"extension":{},"message":"Beginning execution of \"us-central1-api\""}}
[debug] [2026-05-15T15:18:27.356Z] [worker-us-central1-api-12aaf816-cc4d-4f21-9d07-50b5832848be]: BUSY {"metadata":{"emulator":{"name":"functions"},"function":{"name":"us-central1-api"},"extension":{},"message":"[worker-us-central1-api-12aaf816-cc4d-4f21-9d07-50b5832848be]: BUSY"}}
[debug] [2026-05-15T15:18:28.318Z] Finishing up request with event=pause {"metadata":{"emulator":{"name":"functions"},"function":{"name":"us-central1-api"},"extension":{},"message":"Finishing up request with event=pause"}}
[info] i  functions: Finished "us-central1-api" in 962.691466ms {"metadata":{"emulator":{"name":"functions"},"function":{"name":"us-central1-api"},"extension":{},"message":"Finished \"us-central1-api\" in 962.691466ms"}}
[debug] [2026-05-15T15:18:28.319Z] [worker-us-central1-api-12aaf816-cc4d-4f21-9d07-50b5832848be]: IDLE {"metadata":{"emulator":{"name":"functions"},"function":{"name":"us-central1-api"},"extension":{},"message":"[worker-us-central1-api-12aaf816-cc4d-4f21-9d07-50b5832848be]: IDLE"}}
[debug] [2026-05-15T15:18:28.320Z] Finishing up request with event=finish {"metadata":{"emulator":{"name":"functions"},"function":{"name":"us-central1-api"},"extension":{},"message":"Finishing up request with event=finish"}}
[debug] [2026-05-15T15:18:28.320Z] Finishing up request with event=close {"metadata":{"emulator":{"name":"functions"},"function":{"name":"us-central1-api"},"extension":{},"message":"Finishing up request with event=close"}}
[debug] [2026-05-15T15:18:28.320Z] [work-queue] {"queuedWork":[],"queueLength":0,"runningWork":[],"workRunningCount":0}
[debug] [2026-05-15T15:19:33.699Z] [work-queue] {"queuedWork":["/clon-2024/us-central1/api/payment/create-2026-05-15T15:19:33.699Z"],"queueLength":1,"runningWork":[],"workRunningCount":0}
[debug] [2026-05-15T15:19:33.700Z] [work-queue] {"queuedWork":[],"queueLength":0,"runningWork":["/clon-2024/us-central1/api/payment/create-2026-05-15T15:19:33.699Z"],"workRunningCount":1}
[debug] [2026-05-15T15:19:33.700Z] Accepted request POST /clon-2024/us-central1/api/payment/create?total=9428 --> us-central1-api
[debug] [2026-05-15T15:19:33.707Z] [functions] Runtime ready! Sending request! {"metadata":{"emulator":{"name":"functions"},"message":"[functions] Runtime ready! Sending request!"}}
[debug] [2026-05-15T15:19:33.707Z] [functions] Got req.url=/clon-2024/us-central1/api/payment/create?total=9428, mapping to path=/payment/create?total=9428 {"metadata":{"emulator":{"name":"functions"},"message":"[functions] Got req.url=/clon-2024/us-central1/api/payment/create?total=9428, mapping to path=/payment/create?total=9428"}}
[debug] [2026-05-15T15:19:33.708Z] [worker-pool] submitRequest(triggerId=us-central1-api) {"metadata":{"emulator":{"name":"functions"},"message":"[worker-pool] submitRequest(triggerId=us-central1-api)"}}
[info] i  functions: Beginning execution of "us-central1-api" {"metadata":{"emulator":{"name":"functions"},"function":{"name":"us-central1-api"},"extension":{},"message":"Beginning execution of \"us-central1-api\""}}
[debug] [2026-05-15T15:19:33.710Z] [worker-us-central1-api-12aaf816-cc4d-4f21-9d07-50b5832848be]: BUSY {"metadata":{"emulator":{"name":"functions"},"function":{"name":"us-central1-api"},"extension":{},"message":"[worker-us-central1-api-12aaf816-cc4d-4f21-9d07-50b5832848be]: BUSY"}}
[debug] [2026-05-15T15:19:35.619Z] Finishing up request with event=pause {"metadata":{"emulator":{"name":"functions"},"function":{"name":"us-central1-api"},"extension":{},"message":"Finishing up request with event=pause"}}
[info] i  functions: Finished "us-central1-api" in 1909.585145ms {"metadata":{"emulator":{"name":"functions"},"function":{"name":"us-central1-api"},"extension":{},"message":"Finished \"us-central1-api\" in 1909.585145ms"}}
[debug] [2026-05-15T15:19:35.620Z] [worker-us-central1-api-12aaf816-cc4d-4f21-9d07-50b5832848be]: IDLE {"metadata":{"emulator":{"name":"functions"},"function":{"name":"us-central1-api"},"extension":{},"message":"[worker-us-central1-api-12aaf816-cc4d-4f21-9d07-50b5832848be]: IDLE"}}
[debug] [2026-05-15T15:19:35.620Z] Finishing up request with event=finish {"metadata":{"emulator":{"name":"functions"},"function":{"name":"us-central1-api"},"extension":{},"message":"Finishing up request with event=finish"}}
[debug] [2026-05-15T15:19:35.621Z] Finishing up request with event=close {"metadata":{"emulator":{"name":"functions"},"function":{"name":"us-central1-api"},"extension":{},"message":"Finishing up request with event=close"}}
[debug] [2026-05-15T15:19:35.621Z] [work-queue] {"queuedWork":[],"queueLength":0,"runningWork":[],"workRunningCount":0}
[debug] [2026-05-15T15:31:48.905Z] [work-queue] {"queuedWork":["/clon-2024/us-central1/api/payment/create-2026-05-15T15:31:48.904Z"],"queueLength":1,"runningWork":[],"workRunningCount":0}
[debug] [2026-05-15T15:31:48.906Z] [work-queue] {"queuedWork":[],"queueLength":0,"runningWork":["/clon-2024/us-central1/api/payment/create-2026-05-15T15:31:48.904Z"],"workRunningCount":1}
[debug] [2026-05-15T15:31:48.906Z] Accepted request POST /clon-2024/us-central1/api/payment/create?total=9428 --> us-central1-api
[debug] [2026-05-15T15:31:48.913Z] [functions] Runtime ready! Sending request! {"metadata":{"emulator":{"name":"functions"},"message":"[functions] Runtime ready! Sending request!"}}
[debug] [2026-05-15T15:31:48.913Z] [functions] Got req.url=/clon-2024/us-central1/api/payment/create?total=9428, mapping to path=/payment/create?total=9428 {"metadata":{"emulator":{"name":"functions"},"message":"[functions] Got req.url=/clon-2024/us-central1/api/payment/create?total=9428, mapping to path=/payment/create?total=9428"}}
[debug] [2026-05-15T15:31:48.913Z] [worker-pool] submitRequest(triggerId=us-central1-api) {"metadata":{"emulator":{"name":"functions"},"message":"[worker-pool] submitRequest(triggerId=us-central1-api)"}}
[info] i  functions: Beginning execution of "us-central1-api" {"metadata":{"emulator":{"name":"functions"},"function":{"name":"us-central1-api"},"extension":{},"message":"Beginning execution of \"us-central1-api\""}}
[debug] [2026-05-15T15:31:48.917Z] [worker-us-central1-api-12aaf816-cc4d-4f21-9d07-50b5832848be]: BUSY {"metadata":{"emulator":{"name":"functions"},"function":{"name":"us-central1-api"},"extension":{},"message":"[worker-us-central1-api-12aaf816-cc4d-4f21-9d07-50b5832848be]: BUSY"}}
[debug] [2026-05-15T15:31:49.943Z] Finishing up request with event=pause {"metadata":{"emulator":{"name":"functions"},"function":{"name":"us-central1-api"},"extension":{},"message":"Finishing up request with event=pause"}}
[info] i  functions: Finished "us-central1-api" in 1026.605524ms {"metadata":{"emulator":{"name":"functions"},"function":{"name":"us-central1-api"},"extension":{},"message":"Finished \"us-central1-api\" in 1026.605524ms"}}
[debug] [2026-05-15T15:31:49.944Z] [worker-us-central1-api-12aaf816-cc4d-4f21-9d07-50b5832848be]: IDLE {"metadata":{"emulator":{"name":"functions"},"function":{"name":"us-central1-api"},"extension":{},"message":"[worker-us-central1-api-12aaf816-cc4d-4f21-9d07-50b5832848be]: IDLE"}}
[debug] [2026-05-15T15:31:49.944Z] Finishing up request with event=finish {"metadata":{"emulator":{"name":"functions"},"function":{"name":"us-central1-api"},"extension":{},"message":"Finishing up request with event=finish"}}
[debug] [2026-05-15T15:31:49.945Z] Finishing up request with event=close {"metadata":{"emulator":{"name":"functions"},"function":{"name":"us-central1-api"},"extension":{},"message":"Finishing up request with event=close"}}
[debug] [2026-05-15T15:31:49.945Z] [work-queue] {"queuedWork":[],"queueLength":0,"runningWork":[],"workRunningCount":0}
[debug] [2026-05-15T15:33:43.991Z] File C:\Users\Local Admin\Desktop\amzon-clon-2024\amzon-clon-2024\Amazon-Clon-2024\functions\index.js changed, reloading triggers {"metadata":{"emulator":{"name":"functions"},"message":"File C:\\Users\\Local Admin\\Desktop\\amzon-clon-2024\\amzon-clon-2024\\Amazon-Clon-2024\\functions\\index.js changed, reloading triggers"}}
[debug] [2026-05-15T15:33:44.993Z] Validating nodejs source
[warn] !  functions: package.json indicates an outdated version of firebase-functions. Please upgrade using npm install --save firebase-functions@latest in your functions directory. 
[warn] !  functions: Please note that there will be breaking changes when you upgrade. 
[debug] [2026-05-15T15:33:50.162Z] > [functions] package.json contents: {
  "name": "functions",
  "description": "Cloud Functions for Firebase",
  "scripts": {
    "lint": "eslint .",
    "serve": "firebase emulators:start --only functions",
    "shell": "firebase functions:shell",
    "start": "npm run shell",
    "deploy": "firebase deploy --only functions",
    "logs": "firebase functions:log"
  },
  "engines": {
    "node": "20"
  },
  "main": "index.js",
  "dependencies": {
    "cors": "^2.8.5",
    "dotenv": "^16.4.5",
    "express": "^4.21.1",
    "firebase-admin": "^12.6.0",
    "firebase-functions": "^6.1.2",
    "stripe": "^17.4.0"
  },
  "devDependencies": {
    "eslint": "^8.15.0",
    "eslint-config-google": "^0.14.0",
    "firebase-functions-test": "^3.1.0"
  },
  "private": true
}
[debug] [2026-05-15T15:33:50.162Z] Building nodejs source
[debug] [2026-05-15T15:33:50.163Z] Failed to find version of module node: reached end of search path C:\Users\Local Admin\Desktop\amzon-clon-2024\amzon-clon-2024\Amazon-Clon-2024\functions\node_modules
[warn] !  functions: Your requested "node" version "20" doesn't match your global version "24". Using node@24 from host. 
[info] i  functions: Loaded environment variables from .env. 
[debug] [2026-05-15T15:33:50.167Z] Could not find functions.yaml. Must use http discovery
[debug] [2026-05-15T15:33:50.188Z] Found firebase-functions binary at 'C:\Users\Local Admin\Desktop\amzon-clon-2024\amzon-clon-2024\Amazon-Clon-2024\functions\node_modules\.bin\firebase-functions'
[info] Serving at port 8104

[debug] [2026-05-15T15:33:51.923Z] Got response from /__/functions.yaml {"endpoints":{"api":{"availableMemoryMb":null,"timeoutSeconds":null,"minInstances":null,"maxInstances":null,"ingressSettings":null,"concurrency":null,"serviceAccountEmail":null,"vpc":null,"platform":"gcfv2","labels":{},"httpsTrigger":{},"entryPoint":"api"}},"specVersion":"v1alpha1","requiredAPIs":[],"extensions":{}}
[info] +  functions: Loaded functions definitions from source: api. {"metadata":{"emulator":{"name":"functions"},"message":"Loaded functions definitions from source: api."}}
[debug] [2026-05-15T15:33:55.979Z] [worker-pool] Shutting down IDLE worker (us-central1-api) {"metadata":{"emulator":{"name":"functions"},"message":"[worker-pool] Shutting down IDLE worker (us-central1-api)"}}
[debug] [2026-05-15T15:33:55.979Z] [worker-us-central1-api-12aaf816-cc4d-4f21-9d07-50b5832848be]: FINISHING {"metadata":{"emulator":{"name":"functions"},"function":{"name":"us-central1-api"},"extension":{},"message":"[worker-us-central1-api-12aaf816-cc4d-4f21-9d07-50b5832848be]: FINISHING"}}
[debug] [2026-05-15T15:33:56.011Z] [worker-us-central1-api-12aaf816-cc4d-4f21-9d07-50b5832848be]: exited {"metadata":{"emulator":{"name":"functions"},"function":{"name":"us-central1-api"},"extension":{},"message":"[worker-us-central1-api-12aaf816-cc4d-4f21-9d07-50b5832848be]: exited"}}
[debug] [2026-05-15T15:33:56.011Z] [worker-us-central1-api-12aaf816-cc4d-4f21-9d07-50b5832848be]: FINISHED {"metadata":{"emulator":{"name":"functions"},"function":{"name":"us-central1-api"},"extension":{},"message":"[worker-us-central1-api-12aaf816-cc4d-4f21-9d07-50b5832848be]: FINISHED"}}
[debug] [2026-05-15T15:38:05.782Z] [work-queue] {"queuedWork":["/clon-2024/us-central1/api/payment/create-2026-05-15T15:38:05.782Z"],"queueLength":1,"runningWork":[],"workRunningCount":0}
[debug] [2026-05-15T15:38:05.783Z] [work-queue] {"queuedWork":[],"queueLength":0,"runningWork":["/clon-2024/us-central1/api/payment/create-2026-05-15T15:38:05.782Z"],"workRunningCount":1}
[debug] [2026-05-15T15:38:05.783Z] Accepted request POST /clon-2024/us-central1/api/payment/create?total=9428 --> us-central1-api
[debug] [2026-05-15T15:38:05.793Z] [functions] Runtime ready! Sending request! {"metadata":{"emulator":{"name":"functions"},"message":"[functions] Runtime ready! Sending request!"}}
[debug] [2026-05-15T15:38:05.794Z] [functions] Got req.url=/clon-2024/us-central1/api/payment/create?total=9428, mapping to path=/payment/create?total=9428 {"metadata":{"emulator":{"name":"functions"},"message":"[functions] Got req.url=/clon-2024/us-central1/api/payment/create?total=9428, mapping to path=/payment/create?total=9428"}}
[debug] [2026-05-15T15:38:05.795Z] [worker-pool] Cleaned up workers for us-central1-api: 1 --> 0 {"metadata":{"emulator":{"name":"functions"},"message":"[worker-pool] Cleaned up workers for us-central1-api: 1 --> 0"}}
[info] i  functions: Loaded environment variables from .env. 
[debug] [2026-05-15T15:38:05.834Z] [worker-pool] addWorker(us-central1-api) {"metadata":{"emulator":{"name":"functions"},"message":"[worker-pool] addWorker(us-central1-api)"}}
[debug] [2026-05-15T15:38:05.836Z] [worker-pool] Adding worker with key us-central1-api, total=1 {"metadata":{"emulator":{"name":"functions"},"message":"[worker-pool] Adding worker with key us-central1-api, total=1"}}
[debug] [2026-05-15T15:38:08.362Z] [runtime-status] [17996] Resolved module firebase-admin {"declared":true,"installed":true,"version":"12.7.0","resolution":"C:\\Users\\Local Admin\\Desktop\\amzon-clon-2024\\amzon-clon-2024\\Amazon-Clon-2024\\functions\\node_modules\\firebase-admin\\lib\\index.js"} {"metadata":{"emulator":{"name":"functions"},"function":{"name":"us-central1-api"},"extension":{},"message":"[runtime-status] [17996] Resolved module firebase-admin {\"declared\":true,\"installed\":true,\"version\":\"12.7.0\",\"resolution\":\"C:\\\\Users\\\\Local Admin\\\\Desktop\\\\amzon-clon-2024\\\\amzon-clon-2024\\\\Amazon-Clon-2024\\\\functions\\\\node_modules\\\\firebase-admin\\\\lib\\\\index.js\"}"}}
[debug] [2026-05-15T15:38:08.367Z] [runtime-status] [17996] Resolved module firebase-functions {"declared":true,"installed":true,"version":"6.1.2","resolution":"C:\\Users\\Local Admin\\Desktop\\amzon-clon-2024\\amzon-clon-2024\\Amazon-Clon-2024\\functions\\node_modules\\firebase-functions\\lib\\v2\\index.js"} {"metadata":{"emulator":{"name":"functions"},"function":{"name":"us-central1-api"},"extension":{},"message":"[runtime-status] [17996] Resolved module firebase-functions {\"declared\":true,\"installed\":true,\"version\":\"6.1.2\",\"resolution\":\"C:\\\\Users\\\\Local Admin\\\\Desktop\\\\amzon-clon-2024\\\\amzon-clon-2024\\\\Amazon-Clon-2024\\\\functions\\\\node_modules\\\\firebase-functions\\\\lib\\\\v2\\\\index.js\"}"}}
[debug] [2026-05-15T15:38:08.368Z] [runtime-status] [17996] Outgoing network have been stubbed. [{"name":"http","status":"mocked"},{"name":"http","status":"mocked"},{"name":"https","status":"mocked"},{"name":"https","status":"mocked"},{"name":"net","status":"mocked"}] {"metadata":{"emulator":{"name":"functions"},"function":{"name":"us-central1-api"},"extension":{},"message":"[runtime-status] [17996] Outgoing network have been stubbed. [{\"name\":\"http\",\"status\":\"mocked\"},{\"name\":\"http\",\"status\":\"mocked\"},{\"name\":\"https\",\"status\":\"mocked\"},{\"name\":\"https\",\"status\":\"mocked\"},{\"name\":\"net\",\"status\":\"mocked\"}]"}}
[debug] [2026-05-15T15:38:08.369Z] [runtime-status] [17996] Resolved module firebase-functions {"declared":true,"installed":true,"version":"6.1.2","resolution":"C:\\Users\\Local Admin\\Desktop\\amzon-clon-2024\\amzon-clon-2024\\Amazon-Clon-2024\\functions\\node_modules\\firebase-functions\\lib\\v2\\index.js"} {"metadata":{"emulator":{"name":"functions"},"function":{"name":"us-central1-api"},"extension":{},"message":"[runtime-status] [17996] Resolved module firebase-functions {\"declared\":true,\"installed\":true,\"version\":\"6.1.2\",\"resolution\":\"C:\\\\Users\\\\Local Admin\\\\Desktop\\\\amzon-clon-2024\\\\amzon-clon-2024\\\\Amazon-Clon-2024\\\\functions\\\\node_modules\\\\firebase-functions\\\\lib\\\\v2\\\\index.js\"}"}}
[debug] [2026-05-15T15:38:08.724Z] [runtime-status] [17996] Resolved module firebase-admin {"declared":true,"installed":true,"version":"12.7.0","resolution":"C:\\Users\\Local Admin\\Desktop\\amzon-clon-2024\\amzon-clon-2024\\Amazon-Clon-2024\\functions\\node_modules\\firebase-admin\\lib\\index.js"} {"metadata":{"emulator":{"name":"functions"},"function":{"name":"us-central1-api"},"extension":{},"message":"[runtime-status] [17996] Resolved module firebase-admin {\"declared\":true,\"installed\":true,\"version\":\"12.7.0\",\"resolution\":\"C:\\\\Users\\\\Local Admin\\\\Desktop\\\\amzon-clon-2024\\\\amzon-clon-2024\\\\Amazon-Clon-2024\\\\functions\\\\node_modules\\\\firebase-admin\\\\lib\\\\index.js\"}"}}
[debug] [2026-05-15T15:38:08.728Z] [runtime-status] [17996] Resolved module firebase-functions {"declared":true,"installed":true,"version":"6.1.2","resolution":"C:\\Users\\Local Admin\\Desktop\\amzon-clon-2024\\amzon-clon-2024\\Amazon-Clon-2024\\functions\\node_modules\\firebase-functions\\lib\\v2\\index.js"} {"metadata":{"emulator":{"name":"functions"},"function":{"name":"us-central1-api"},"extension":{},"message":"[runtime-status] [17996] Resolved module firebase-functions {\"declared\":true,\"installed\":true,\"version\":\"6.1.2\",\"resolution\":\"C:\\\\Users\\\\Local Admin\\\\Desktop\\\\amzon-clon-2024\\\\amzon-clon-2024\\\\Amazon-Clon-2024\\\\functions\\\\node_modules\\\\firebase-functions\\\\lib\\\\v2\\\\index.js\"}"}}
[debug] [2026-05-15T15:38:09.055Z] [runtime-status] [17996] firebase-admin has been stubbed. {"adminResolution":{"declared":true,"installed":true,"version":"12.7.0","resolution":"C:\\Users\\Local Admin\\Desktop\\amzon-clon-2024\\amzon-clon-2024\\Amazon-Clon-2024\\functions\\node_modules\\firebase-admin\\lib\\index.js"}} {"metadata":{"emulator":{"name":"functions"},"function":{"name":"us-central1-api"},"extension":{},"message":"[runtime-status] [17996] firebase-admin has been stubbed. {\"adminResolution\":{\"declared\":true,\"installed\":true,\"version\":\"12.7.0\",\"resolution\":\"C:\\\\Users\\\\Local Admin\\\\Desktop\\\\amzon-clon-2024\\\\amzon-clon-2024\\\\Amazon-Clon-2024\\\\functions\\\\node_modules\\\\firebase-admin\\\\lib\\\\index.js\"}}"}}
[debug] [2026-05-15T15:38:09.571Z] [runtime-status] [17996] Functions runtime initialized. {"cwd":"C:\\Users\\Local Admin\\Desktop\\amzon-clon-2024\\amzon-clon-2024\\Amazon-Clon-2024\\functions","node_version":"24.15.0"} {"metadata":{"emulator":{"name":"functions"},"function":{"name":"us-central1-api"},"extension":{},"message":"[runtime-status] [17996] Functions runtime initialized. {\"cwd\":\"C:\\\\Users\\\\Local Admin\\\\Desktop\\\\amzon-clon-2024\\\\amzon-clon-2024\\\\Amazon-Clon-2024\\\\functions\",\"node_version\":\"24.15.0\"}"}}
[debug] [2026-05-15T15:38:09.571Z] [runtime-status] [17996] Listening to port: \\?\pipe\fire_emu_d9312b4d4405dafc {"metadata":{"emulator":{"name":"functions"},"function":{"name":"us-central1-api"},"extension":{},"message":"[runtime-status] [17996] Listening to port: \\\\?\\pipe\\fire_emu_d9312b4d4405dafc"}}
[debug] [2026-05-15T15:38:09.678Z] [worker-us-central1-api-f399aa27-dcf6-47ee-bff5-32f845c02576]: IDLE {"metadata":{"emulator":{"name":"functions"},"function":{"name":"us-central1-api"},"extension":{},"message":"[worker-us-central1-api-f399aa27-dcf6-47ee-bff5-32f845c02576]: IDLE"}}
[debug] [2026-05-15T15:38:09.678Z] [worker-pool] submitRequest(triggerId=us-central1-api) {"metadata":{"emulator":{"name":"functions"},"message":"[worker-pool] submitRequest(triggerId=us-central1-api)"}}
[info] i  functions: Beginning execution of "us-central1-api" {"metadata":{"emulator":{"name":"functions"},"function":{"name":"us-central1-api"},"extension":{},"message":"Beginning execution of \"us-central1-api\""}}
[debug] [2026-05-15T15:38:09.680Z] [worker-us-central1-api-f399aa27-dcf6-47ee-bff5-32f845c02576]: BUSY {"metadata":{"emulator":{"name":"functions"},"function":{"name":"us-central1-api"},"extension":{},"message":"[worker-us-central1-api-f399aa27-dcf6-47ee-bff5-32f845c02576]: BUSY"}}
[debug] [2026-05-15T15:38:11.404Z] Finishing up request with event=pause {"metadata":{"emulator":{"name":"functions"},"function":{"name":"us-central1-api"},"extension":{},"message":"Finishing up request with event=pause"}}
[info] i  functions: Finished "us-central1-api" in 1724.951321ms {"metadata":{"emulator":{"name":"functions"},"function":{"name":"us-central1-api"},"extension":{},"message":"Finished \"us-central1-api\" in 1724.951321ms"}}
[debug] [2026-05-15T15:38:11.405Z] [worker-us-central1-api-f399aa27-dcf6-47ee-bff5-32f845c02576]: IDLE {"metadata":{"emulator":{"name":"functions"},"function":{"name":"us-central1-api"},"extension":{},"message":"[worker-us-central1-api-f399aa27-dcf6-47ee-bff5-32f845c02576]: IDLE"}}
[debug] [2026-05-15T15:38:11.406Z] Finishing up request with event=finish {"metadata":{"emulator":{"name":"functions"},"function":{"name":"us-central1-api"},"extension":{},"message":"Finishing up request with event=finish"}}
[debug] [2026-05-15T15:38:11.406Z] Finishing up request with event=close {"metadata":{"emulator":{"name":"functions"},"function":{"name":"us-central1-api"},"extension":{},"message":"Finishing up request with event=close"}}
[debug] [2026-05-15T15:38:11.406Z] [work-queue] {"queuedWork":[],"queueLength":0,"runningWork":[],"workRunningCount":0}
[debug] [2026-05-15T15:42:47.817Z] [work-queue] {"queuedWork":["/clon-2024/us-central1/api/payment/create-2026-05-15T15:42:47.817Z"],"queueLength":1,"runningWork":[],"workRunningCount":0}
[debug] [2026-05-15T15:42:47.818Z] [work-queue] {"queuedWork":[],"queueLength":0,"runningWork":["/clon-2024/us-central1/api/payment/create-2026-05-15T15:42:47.817Z"],"workRunningCount":1}
[debug] [2026-05-15T15:42:47.818Z] Accepted request POST /clon-2024/us-central1/api/payment/create?total=9428 --> us-central1-api
[debug] [2026-05-15T15:42:47.825Z] [functions] Runtime ready! Sending request! {"metadata":{"emulator":{"name":"functions"},"message":"[functions] Runtime ready! Sending request!"}}
[debug] [2026-05-15T15:42:47.826Z] [functions] Got req.url=/clon-2024/us-central1/api/payment/create?total=9428, mapping to path=/payment/create?total=9428 {"metadata":{"emulator":{"name":"functions"},"message":"[functions] Got req.url=/clon-2024/us-central1/api/payment/create?total=9428, mapping to path=/payment/create?total=9428"}}
[debug] [2026-05-15T15:42:47.826Z] [worker-pool] submitRequest(triggerId=us-central1-api) {"metadata":{"emulator":{"name":"functions"},"message":"[worker-pool] submitRequest(triggerId=us-central1-api)"}}
[info] i  functions: Beginning execution of "us-central1-api" {"metadata":{"emulator":{"name":"functions"},"function":{"name":"us-central1-api"},"extension":{},"message":"Beginning execution of \"us-central1-api\""}}
[debug] [2026-05-15T15:42:47.828Z] [worker-us-central1-api-f399aa27-dcf6-47ee-bff5-32f845c02576]: BUSY {"metadata":{"emulator":{"name":"functions"},"function":{"name":"us-central1-api"},"extension":{},"message":"[worker-us-central1-api-f399aa27-dcf6-47ee-bff5-32f845c02576]: BUSY"}}
[debug] [2026-05-15T15:42:49.025Z] Finishing up request with event=pause {"metadata":{"emulator":{"name":"functions"},"function":{"name":"us-central1-api"},"extension":{},"message":"Finishing up request with event=pause"}}
[info] i  functions: Finished "us-central1-api" in 1197.836222ms {"metadata":{"emulator":{"name":"functions"},"function":{"name":"us-central1-api"},"extension":{},"message":"Finished \"us-central1-api\" in 1197.836222ms"}}
[debug] [2026-05-15T15:42:49.026Z] [worker-us-central1-api-f399aa27-dcf6-47ee-bff5-32f845c02576]: IDLE {"metadata":{"emulator":{"name":"functions"},"function":{"name":"us-central1-api"},"extension":{},"message":"[worker-us-central1-api-f399aa27-dcf6-47ee-bff5-32f845c02576]: IDLE"}}
[debug] [2026-05-15T15:42:49.026Z] Finishing up request with event=finish {"metadata":{"emulator":{"name":"functions"},"function":{"name":"us-central1-api"},"extension":{},"message":"Finishing up request with event=finish"}}
[debug] [2026-05-15T15:42:49.027Z] Finishing up request with event=close {"metadata":{"emulator":{"name":"functions"},"function":{"name":"us-central1-api"},"extension":{},"message":"Finishing up request with event=close"}}
[debug] [2026-05-15T15:42:49.027Z] [work-queue] {"queuedWork":[],"queueLength":0,"runningWork":[],"workRunningCount":0}
[debug] [2026-05-15T15:58:20.211Z] [work-queue] {"queuedWork":["/clon-2024/us-central1/api/payment/create-2026-05-15T15:58:20.211Z"],"queueLength":1,"runningWork":[],"workRunningCount":0}
[debug] [2026-05-15T15:58:20.212Z] [work-queue] {"queuedWork":[],"queueLength":0,"runningWork":["/clon-2024/us-central1/api/payment/create-2026-05-15T15:58:20.211Z"],"workRunningCount":1}
[debug] [2026-05-15T15:58:20.213Z] Accepted request POST /clon-2024/us-central1/api/payment/create?total=9428 --> us-central1-api
[debug] [2026-05-15T15:58:20.219Z] [functions] Runtime ready! Sending request! {"metadata":{"emulator":{"name":"functions"},"message":"[functions] Runtime ready! Sending request!"}}
[debug] [2026-05-15T15:58:20.220Z] [functions] Got req.url=/clon-2024/us-central1/api/payment/create?total=9428, mapping to path=/payment/create?total=9428 {"metadata":{"emulator":{"name":"functions"},"message":"[functions] Got req.url=/clon-2024/us-central1/api/payment/create?total=9428, mapping to path=/payment/create?total=9428"}}
[debug] [2026-05-15T15:58:20.220Z] [worker-pool] submitRequest(triggerId=us-central1-api) {"metadata":{"emulator":{"name":"functions"},"message":"[worker-pool] submitRequest(triggerId=us-central1-api)"}}
[info] i  functions: Beginning execution of "us-central1-api" {"metadata":{"emulator":{"name":"functions"},"function":{"name":"us-central1-api"},"extension":{},"message":"Beginning execution of \"us-central1-api\""}}
[debug] [2026-05-15T15:58:20.222Z] [worker-us-central1-api-f399aa27-dcf6-47ee-bff5-32f845c02576]: BUSY {"metadata":{"emulator":{"name":"functions"},"function":{"name":"us-central1-api"},"extension":{},"message":"[worker-us-central1-api-f399aa27-dcf6-47ee-bff5-32f845c02576]: BUSY"}}
[debug] [2026-05-15T15:58:31.012Z] Finishing up request with event=pause {"metadata":{"emulator":{"name":"functions"},"function":{"name":"us-central1-api"},"extension":{},"message":"Finishing up request with event=pause"}}
[info] i  functions: Finished "us-central1-api" in 10789.937377ms {"metadata":{"emulator":{"name":"functions"},"function":{"name":"us-central1-api"},"extension":{},"message":"Finished \"us-central1-api\" in 10789.937377ms"}}
[debug] [2026-05-15T15:58:31.013Z] [worker-us-central1-api-f399aa27-dcf6-47ee-bff5-32f845c02576]: IDLE {"metadata":{"emulator":{"name":"functions"},"function":{"name":"us-central1-api"},"extension":{},"message":"[worker-us-central1-api-f399aa27-dcf6-47ee-bff5-32f845c02576]: IDLE"}}
[debug] [2026-05-15T15:58:31.013Z] Finishing up request with event=finish {"metadata":{"emulator":{"name":"functions"},"function":{"name":"us-central1-api"},"extension":{},"message":"Finishing up request with event=finish"}}
[debug] [2026-05-15T15:58:31.014Z] Finishing up request with event=close {"metadata":{"emulator":{"name":"functions"},"function":{"name":"us-central1-api"},"extension":{},"message":"Finishing up request with event=close"}}
[debug] [2026-05-15T15:58:31.014Z] [work-queue] {"queuedWork":[],"queueLength":0,"runningWork":[],"workRunningCount":0}
[debug] [2026-05-15T16:03:07.672Z] [work-queue] {"queuedWork":["/clon-2024/us-central1/api/payment/create-2026-05-15T16:03:07.672Z"],"queueLength":1,"runningWork":[],"workRunningCount":0}
[debug] [2026-05-15T16:03:07.673Z] [work-queue] {"queuedWork":[],"queueLength":0,"runningWork":["/clon-2024/us-central1/api/payment/create-2026-05-15T16:03:07.672Z"],"workRunningCount":1}
[debug] [2026-05-15T16:03:07.673Z] Accepted request POST /clon-2024/us-central1/api/payment/create?total=9428 --> us-central1-api
[debug] [2026-05-15T16:03:07.679Z] [functions] Runtime ready! Sending request! {"metadata":{"emulator":{"name":"functions"},"message":"[functions] Runtime ready! Sending request!"}}
[debug] [2026-05-15T16:03:07.680Z] [functions] Got req.url=/clon-2024/us-central1/api/payment/create?total=9428, mapping to path=/payment/create?total=9428 {"metadata":{"emulator":{"name":"functions"},"message":"[functions] Got req.url=/clon-2024/us-central1/api/payment/create?total=9428, mapping to path=/payment/create?total=9428"}}
[debug] [2026-05-15T16:03:07.680Z] [worker-pool] submitRequest(triggerId=us-central1-api) {"metadata":{"emulator":{"name":"functions"},"message":"[worker-pool] submitRequest(triggerId=us-central1-api)"}}
[info] i  functions: Beginning execution of "us-central1-api" {"metadata":{"emulator":{"name":"functions"},"function":{"name":"us-central1-api"},"extension":{},"message":"Beginning execution of \"us-central1-api\""}}
[debug] [2026-05-15T16:03:07.681Z] [worker-us-central1-api-f399aa27-dcf6-47ee-bff5-32f845c02576]: BUSY {"metadata":{"emulator":{"name":"functions"},"function":{"name":"us-central1-api"},"extension":{},"message":"[worker-us-central1-api-f399aa27-dcf6-47ee-bff5-32f845c02576]: BUSY"}}
[debug] [2026-05-15T16:03:08.820Z] Finishing up request with event=pause {"metadata":{"emulator":{"name":"functions"},"function":{"name":"us-central1-api"},"extension":{},"message":"Finishing up request with event=pause"}}
[info] i  functions: Finished "us-central1-api" in 1139.324336ms {"metadata":{"emulator":{"name":"functions"},"function":{"name":"us-central1-api"},"extension":{},"message":"Finished \"us-central1-api\" in 1139.324336ms"}}
[debug] [2026-05-15T16:03:08.821Z] [worker-us-central1-api-f399aa27-dcf6-47ee-bff5-32f845c02576]: IDLE {"metadata":{"emulator":{"name":"functions"},"function":{"name":"us-central1-api"},"extension":{},"message":"[worker-us-central1-api-f399aa27-dcf6-47ee-bff5-32f845c02576]: IDLE"}}
[debug] [2026-05-15T16:03:08.822Z] Finishing up request with event=finish {"metadata":{"emulator":{"name":"functions"},"function":{"name":"us-central1-api"},"extension":{},"message":"Finishing up request with event=finish"}}
[debug] [2026-05-15T16:03:08.822Z] Finishing up request with event=close {"metadata":{"emulator":{"name":"functions"},"function":{"name":"us-central1-api"},"extension":{},"message":"Finishing up request with event=close"}}
[debug] [2026-05-15T16:03:08.822Z] [work-queue] {"queuedWork":[],"queueLength":0,"runningWork":[],"workRunningCount":0}
[debug] [2026-05-15T16:04:45.804Z] [work-queue] {"queuedWork":["/clon-2024/us-central1/api/payment/create-2026-05-15T16:04:45.804Z"],"queueLength":1,"runningWork":[],"workRunningCount":0}
[debug] [2026-05-15T16:04:45.805Z] [work-queue] {"queuedWork":[],"queueLength":0,"runningWork":["/clon-2024/us-central1/api/payment/create-2026-05-15T16:04:45.804Z"],"workRunningCount":1}
[debug] [2026-05-15T16:04:45.805Z] Accepted request POST /clon-2024/us-central1/api/payment/create?total=9428 --> us-central1-api
[debug] [2026-05-15T16:04:45.813Z] [functions] Runtime ready! Sending request! {"metadata":{"emulator":{"name":"functions"},"message":"[functions] Runtime ready! Sending request!"}}
[debug] [2026-05-15T16:04:45.813Z] [functions] Got req.url=/clon-2024/us-central1/api/payment/create?total=9428, mapping to path=/payment/create?total=9428 {"metadata":{"emulator":{"name":"functions"},"message":"[functions] Got req.url=/clon-2024/us-central1/api/payment/create?total=9428, mapping to path=/payment/create?total=9428"}}
[debug] [2026-05-15T16:04:45.814Z] [worker-pool] submitRequest(triggerId=us-central1-api) {"metadata":{"emulator":{"name":"functions"},"message":"[worker-pool] submitRequest(triggerId=us-central1-api)"}}
[info] i  functions: Beginning execution of "us-central1-api" {"metadata":{"emulator":{"name":"functions"},"function":{"name":"us-central1-api"},"extension":{},"message":"Beginning execution of \"us-central1-api\""}}
[debug] [2026-05-15T16:04:45.815Z] [worker-us-central1-api-f399aa27-dcf6-47ee-bff5-32f845c02576]: BUSY {"metadata":{"emulator":{"name":"functions"},"function":{"name":"us-central1-api"},"extension":{},"message":"[worker-us-central1-api-f399aa27-dcf6-47ee-bff5-32f845c02576]: BUSY"}}
[debug] [2026-05-15T16:04:48.016Z] Finishing up request with event=pause {"metadata":{"emulator":{"name":"functions"},"function":{"name":"us-central1-api"},"extension":{},"message":"Finishing up request with event=pause"}}
[info] i  functions: Finished "us-central1-api" in 2201.69173ms {"metadata":{"emulator":{"name":"functions"},"function":{"name":"us-central1-api"},"extension":{},"message":"Finished \"us-central1-api\" in 2201.69173ms"}}
[debug] [2026-05-15T16:04:48.018Z] [worker-us-central1-api-f399aa27-dcf6-47ee-bff5-32f845c02576]: IDLE {"metadata":{"emulator":{"name":"functions"},"function":{"name":"us-central1-api"},"extension":{},"message":"[worker-us-central1-api-f399aa27-dcf6-47ee-bff5-32f845c02576]: IDLE"}}
[debug] [2026-05-15T16:04:48.018Z] Finishing up request with event=finish {"metadata":{"emulator":{"name":"functions"},"function":{"name":"us-central1-api"},"extension":{},"message":"Finishing up request with event=finish"}}
[debug] [2026-05-15T16:04:48.019Z] Finishing up request with event=close {"metadata":{"emulator":{"name":"functions"},"function":{"name":"us-central1-api"},"extension":{},"message":"Finishing up request with event=close"}}
[debug] [2026-05-15T16:04:48.019Z] [work-queue] {"queuedWork":[],"queueLength":0,"runningWork":[],"workRunningCount":0}
[debug] [2026-05-15T16:05:19.301Z] ----------------------------------------------------------------------
[debug] [2026-05-15T16:05:19.306Z] Command:       C:\Program Files\nodejs\node.exe C:\Users\Local Admin\AppData\Roaming\npm\node_modules\firebase-tools\lib\bin\firebase.js serve
[debug] [2026-05-15T16:05:19.307Z] CLI Version:   15.18.0
[debug] [2026-05-15T16:05:19.307Z] Platform:      win32
[debug] [2026-05-15T16:05:19.307Z] Node Version:  v24.15.0
[debug] [2026-05-15T16:05:19.307Z] Time:          Fri May 15 2026 19:05:19 GMT+0300 (East Africa Time)
[debug] [2026-05-15T16:05:19.307Z] ----------------------------------------------------------------------
[debug] 
[debug] [2026-05-15T16:05:22.972Z] > command requires scopes: ["email","openid","https://www.googleapis.com/auth/cloudplatformprojects.readonly","https://www.googleapis.com/auth/firebase","https://www.googleapis.com/auth/cloud-platform"]
[debug] [2026-05-15T16:05:22.973Z] > authorizing via signed-in user (abebaw1616@gmail.com)
[debug] [2026-05-15T16:05:22.973Z] [iam] checking project clon-2024 for permissions ["firebase.projects.get"]
[debug] [2026-05-15T16:05:22.975Z] Checked if tokens are valid: false, expires at: 1778858200013
[debug] [2026-05-15T16:05:22.976Z] Checked if tokens are valid: false, expires at: 1778858200013
[debug] [2026-05-15T16:05:22.976Z] > refreshing access token with scopes: []
[debug] [2026-05-15T16:05:22.979Z] >>> [apiv2][query] POST https://www.googleapis.com/oauth2/v3/token [none]
[debug] [2026-05-15T16:05:22.979Z] >>> [apiv2][body] POST https://www.googleapis.com/oauth2/v3/token [omitted]
[debug] [2026-05-15T16:05:23.780Z] <<< [apiv2][status] POST https://www.googleapis.com/oauth2/v3/token 200
[debug] [2026-05-15T16:05:23.780Z] <<< [apiv2][body] POST https://www.googleapis.com/oauth2/v3/token [omitted]
[debug] [2026-05-15T16:05:23.807Z] >>> [apiv2][query] POST https://cloudresourcemanager.googleapis.com/v1/projects/clon-2024:testIamPermissions [none]
[debug] [2026-05-15T16:05:23.807Z] >>> [apiv2][(partial)header] POST https://cloudresourcemanager.googleapis.com/v1/projects/clon-2024:testIamPermissions  x-goog-user-project=clon-2024
[debug] [2026-05-15T16:05:23.807Z] >>> [apiv2][body] POST https://cloudresourcemanager.googleapis.com/v1/projects/clon-2024:testIamPermissions {"permissions":["firebase.projects.get"]}
[debug] [2026-05-15T16:05:26.750Z] <<< [apiv2][status] POST https://cloudresourcemanager.googleapis.com/v1/projects/clon-2024:testIamPermissions 200
[debug] [2026-05-15T16:05:26.750Z] <<< [apiv2][body] POST https://cloudresourcemanager.googleapis.com/v1/projects/clon-2024:testIamPermissions {"permissions":["firebase.projects.get"]}
[debug] [2026-05-15T16:05:26.752Z] Checked if tokens are valid: true, expires at: 1778864722780
[debug] [2026-05-15T16:05:26.752Z] Checked if tokens are valid: true, expires at: 1778864722780
[debug] [2026-05-15T16:05:26.752Z] >>> [apiv2][query] GET https://cloudresourcemanager.googleapis.com/v1/projects/clon-2024 [none]
[debug] [2026-05-15T16:05:27.249Z] <<< [apiv2][status] GET https://cloudresourcemanager.googleapis.com/v1/projects/clon-2024 200
[debug] [2026-05-15T16:05:27.249Z] <<< [apiv2][body] GET https://cloudresourcemanager.googleapis.com/v1/projects/clon-2024 {"projectNumber":"642541825167","projectId":"clon-2024","lifecycleState":"ACTIVE","name":"amazon-clone-2024","labels":{"firebase":"enabled"},"createTime":"2024-11-19T12:57:40.168076Z"}
[info] 
[info] === Serving from 'C:\Users\Local Admin\Desktop\amzon-clon-2024\amzon-clon-2024\Amazon-Clon-2024'...
[info] 
[debug] [2026-05-15T16:05:27.259Z] Checked if tokens are valid: true, expires at: 1778864722780
[debug] [2026-05-15T16:05:27.259Z] Checked if tokens are valid: true, expires at: 1778864722780
[debug] [2026-05-15T16:05:27.270Z] >>> [apiv2][query] GET https://firebasehosting.googleapis.com/v1beta1/projects/clon-2024/sites 
[debug] [2026-05-15T16:05:27.282Z] defaultcredentials: writing to file C:\Users\Local Admin\AppData\Roaming\firebase\abebaw1616_gmail_com_application_default_credentials.json
[debug] [2026-05-15T16:05:27.284Z] Setting GAC to C:\Users\Local Admin\AppData\Roaming\firebase\abebaw1616_gmail_com_application_default_credentials.json {"metadata":{"emulator":{"name":"functions"},"message":"Setting GAC to C:\\Users\\Local Admin\\AppData\\Roaming\\firebase\\abebaw1616_gmail_com_application_default_credentials.json"}}
[debug] [2026-05-15T16:05:27.284Z] Checked if tokens are valid: true, expires at: 1778864722780
[debug] [2026-05-15T16:05:27.284Z] Checked if tokens are valid: true, expires at: 1778864722780
[debug] [2026-05-15T16:05:27.285Z] >>> [apiv2][query] GET https://firebase.googleapis.com/v1beta1/projects/clon-2024/adminSdkConfig [none]
[debug] [2026-05-15T16:05:28.387Z] <<< [apiv2][status] GET https://firebase.googleapis.com/v1beta1/projects/clon-2024/adminSdkConfig 200
[debug] [2026-05-15T16:05:28.387Z] <<< [apiv2][body] GET https://firebase.googleapis.com/v1beta1/projects/clon-2024/adminSdkConfig {"projectId":"clon-2024","databaseURL":"https://clon-2024-default-rtdb.firebaseio.com","storageBucket":"clon-2024.firebasestorage.app"}
[debug] [2026-05-15T16:05:28.410Z] Error: listen EADDRINUSE: address already in use ::1:5001
    at Server.setupListenHandle [as _listen2] (node:net:2008:16)
    at listenInCluster (node:net:2065:12)
    at GetAddrInfoReqWrap.callback (node:net:2274:7)
    at GetAddrInfoReqWrap.onlookupall [as oncomplete] (node:dns:134:8)
[error] 
[error] Error: An unexpected error has occurred.
[debug] [2026-05-15T16:07:57.981Z] ----------------------------------------------------------------------
[debug] [2026-05-15T16:07:57.986Z] Command:       C:\Program Files\nodejs\node.exe C:\Users\Local Admin\AppData\Roaming\npm\node_modules\firebase-tools\lib\bin\firebase.js emulators:start --only functions
[debug] [2026-05-15T16:07:57.986Z] CLI Version:   15.18.0
[debug] [2026-05-15T16:07:57.986Z] Platform:      win32
[debug] [2026-05-15T16:07:57.987Z] Node Version:  v24.15.0
[debug] [2026-05-15T16:07:57.987Z] Time:          Fri May 15 2026 19:07:57 GMT+0300 (East Africa Time)
[debug] [2026-05-15T16:07:57.987Z] ----------------------------------------------------------------------
[debug] 
[debug] [2026-05-15T16:08:00.834Z] > command requires scopes: ["email","openid","https://www.googleapis.com/auth/cloudplatformprojects.readonly","https://www.googleapis.com/auth/firebase","https://www.googleapis.com/auth/cloud-platform"]
[debug] [2026-05-15T16:08:00.835Z] > authorizing via signed-in user (abebaw1616@gmail.com)
[info] i  emulators: Starting emulators: functions {"metadata":{"emulator":{"name":"hub"},"message":"Starting emulators: functions"}}
[debug] [2026-05-15T16:08:00.852Z] [logging] Logging Emulator only supports listening on one address (127.0.0.1). Not listening on ::1
[debug] [2026-05-15T16:08:00.853Z] assigned listening specs for emulators {"user":{"hub":[{"address":"127.0.0.1","family":"IPv4","port":4400},{"address":"::1","family":"IPv6","port":4400}],"ui":[{"address":"127.0.0.1","family":"IPv4","port":4000},{"address":"::1","family":"IPv6","port":4000}],"logging":[{"address":"127.0.0.1","family":"IPv4","port":4500}]},"metadata":{"message":"assigned listening specs for emulators"}}
[debug] [2026-05-15T16:08:00.864Z] Write emulator hub locator at C:\Users\LOCALA~1\AppData\Local\Temp\hub-clon-2024.json
[debug] [2026-05-15T16:08:00.889Z] [functions] Functions Emulator only supports listening on one address (127.0.0.1). Not listening on ::1
[debug] [2026-05-15T16:08:00.889Z] [eventarc] Eventarc Emulator only supports listening on one address (127.0.0.1). Not listening on ::1
[debug] [2026-05-15T16:08:00.889Z] [tasks] Cloud Tasks Emulator only supports listening on one address (127.0.0.1). Not listening on ::1
[debug] [2026-05-15T16:08:00.889Z] late-assigned ports for functions and eventarc emulators {"user":{"hub":[{"address":"127.0.0.1","family":"IPv4","port":4400},{"address":"::1","family":"IPv6","port":4400}],"ui":[{"address":"127.0.0.1","family":"IPv4","port":4000},{"address":"::1","family":"IPv6","port":4000}],"logging":[{"address":"127.0.0.1","family":"IPv4","port":4500}],"functions":[{"address":"127.0.0.1","family":"IPv4","port":5001}],"eventarc":[{"address":"127.0.0.1","family":"IPv4","port":9299}],"tasks":[{"address":"127.0.0.1","family":"IPv4","port":9499}]},"metadata":{"message":"late-assigned ports for functions and eventarc emulators"}}
[warn] !  functions: The following emulators are not running, calls to these services from the Functions emulator will affect production: apphosting, auth, firestore, database, hosting, pubsub, storage, dataconnect {"metadata":{"emulator":{"name":"functions"},"message":"The following emulators are not running, calls to these services from the Functions emulator will affect production: \u001b[1mapphosting, auth, firestore, database, hosting, pubsub, storage, dataconnect\u001b[22m"}}
[debug] [2026-05-15T16:08:00.923Z] defaultcredentials: writing to file C:\Users\Local Admin\AppData\Roaming\firebase\abebaw1616_gmail_com_application_default_credentials.json
[debug] [2026-05-15T16:08:00.929Z] Setting GAC to C:\Users\Local Admin\AppData\Roaming\firebase\abebaw1616_gmail_com_application_default_credentials.json {"metadata":{"emulator":{"name":"functions"},"message":"Setting GAC to C:\\Users\\Local Admin\\AppData\\Roaming\\firebase\\abebaw1616_gmail_com_application_default_credentials.json"}}
[debug] [2026-05-15T16:08:00.932Z] Checked if tokens are valid: true, expires at: 1778864722780
[debug] [2026-05-15T16:08:00.932Z] Checked if tokens are valid: true, expires at: 1778864722780
[debug] [2026-05-15T16:08:00.935Z] >>> [apiv2][query] GET https://firebase.googleapis.com/v1beta1/projects/clon-2024/adminSdkConfig [none]
[debug] [2026-05-15T16:08:02.099Z] <<< [apiv2][status] GET https://firebase.googleapis.com/v1beta1/projects/clon-2024/adminSdkConfig 200
[debug] [2026-05-15T16:08:02.100Z] <<< [apiv2][body] GET https://firebase.googleapis.com/v1beta1/projects/clon-2024/adminSdkConfig {"projectId":"clon-2024","databaseURL":"https://clon-2024-default-rtdb.firebaseio.com","storageBucket":"clon-2024.firebasestorage.app"}
[info] i  functions: Watching "C:\Users\Local Admin\Desktop\amzon-clon-2024\amzon-clon-2024\Amazon-Clon-2024\functions" for Cloud Functions... {"metadata":{"emulator":{"name":"functions"},"message":"Watching \"C:\\Users\\Local Admin\\Desktop\\amzon-clon-2024\\amzon-clon-2024\\Amazon-Clon-2024\\functions\" for Cloud Functions..."}}
[debug] [2026-05-15T16:08:02.150Z] Validating nodejs source
[warn] !  functions: package.json indicates an outdated version of firebase-functions. Please upgrade using npm install --save firebase-functions@latest in your functions directory. 
[warn] !  functions: Please note that there will be breaking changes when you upgrade. 
[debug] [2026-05-15T16:08:04.224Z] > [functions] package.json contents: {
  "name": "functions",
  "description": "Cloud Functions for Firebase",
  "scripts": {
    "lint": "eslint .",
    "serve": "firebase emulators:start --only functions",
    "shell": "firebase functions:shell",
    "start": "npm run shell",
    "deploy": "firebase deploy --only functions",
    "logs": "firebase functions:log"
  },
  "engines": {
    "node": "20"
  },
  "main": "index.js",
  "dependencies": {
    "cors": "^2.8.5",
    "dotenv": "^16.4.5",
    "express": "^4.21.1",
    "firebase-admin": "^12.6.0",
    "firebase-functions": "^6.1.2",
    "stripe": "^17.4.0"
  },
  "devDependencies": {
    "eslint": "^8.15.0",
    "eslint-config-google": "^0.14.0",
    "firebase-functions-test": "^3.1.0"
  },
  "private": true
}
[debug] [2026-05-15T16:08:04.224Z] Building nodejs source
[debug] [2026-05-15T16:08:04.225Z] Failed to find version of module node: reached end of search path C:\Users\Local Admin\Desktop\amzon-clon-2024\amzon-clon-2024\Amazon-Clon-2024\functions\node_modules
[warn] !  functions: Your requested "node" version "20" doesn't match your global version "24". Using node@24 from host. 
[info] i  functions: Loaded environment variables from .env. 
[debug] [2026-05-15T16:08:04.232Z] Could not find functions.yaml. Must use http discovery
[debug] [2026-05-15T16:08:04.245Z] Found firebase-functions binary at 'C:\Users\Local Admin\Desktop\amzon-clon-2024\amzon-clon-2024\Amazon-Clon-2024\functions\node_modules\.bin\firebase-functions'
[info] Serving at port 8790

[debug] [2026-05-15T16:08:05.456Z] Got response from /__/functions.yaml {"endpoints":{"api":{"availableMemoryMb":null,"timeoutSeconds":null,"minInstances":null,"maxInstances":null,"ingressSettings":null,"concurrency":null,"serviceAccountEmail":null,"vpc":null,"platform":"gcfv2","labels":{},"httpsTrigger":{},"entryPoint":"api"}},"specVersion":"v1alpha1","requiredAPIs":[],"extensions":{}}
[info] +  functions: Loaded functions definitions from source: api. {"metadata":{"emulator":{"name":"functions"},"message":"Loaded functions definitions from source: api."}}
[info] +  functions[us-central1-api]: http function initialized (http://127.0.0.1:5001/clon-2024/us-central1/api). {"metadata":{"emulator":{"name":"functions"},"message":"\u001b[1mhttp\u001b[22m function initialized (http://127.0.0.1:5001/clon-2024/us-central1/api)."}}
[debug] [2026-05-15T16:08:09.524Z] Could not find VSCode notification endpoint: FetchError: request to http://localhost:40001/vscode/notify failed, reason: . If you are not running the Firebase SQL Connect VSCode extension, this is expected and not an issue.
[info] 
┌─────────────────────────────────────────────────────────────┐
│ ✔  All emulators ready! It is now safe to connect your app. │
│ i  View Emulator UI at http://127.0.0.1:4000/               │
└─────────────────────────────────────────────────────────────┘

┌───────────┬────────────────┬─────────────────────────────────┐
│ Emulator  │ Host:Port      │ View in Emulator UI             │
├───────────┼────────────────┼─────────────────────────────────┤
│ Functions │ 127.0.0.1:5001 │ http://127.0.0.1:4000/functions │
└───────────┴────────────────┴─────────────────────────────────┘
  Emulator Hub host: 127.0.0.1 port: 4400
  Other reserved ports: 4500

Issues? Report them at https://github.com/firebase/firebase-tools/issues and attach the *-debug.log files.
 
[debug] [2026-05-15T16:08:52.924Z] [work-queue] {"queuedWork":["/clon-2024/us-central1/api/payment/create-2026-05-15T16:08:52.924Z"],"queueLength":1,"runningWork":[],"workRunningCount":0}
[debug] [2026-05-15T16:08:52.926Z] [work-queue] {"queuedWork":[],"queueLength":0,"runningWork":["/clon-2024/us-central1/api/payment/create-2026-05-15T16:08:52.924Z"],"workRunningCount":1}
[debug] [2026-05-15T16:08:52.927Z] Accepted request POST /clon-2024/us-central1/api/payment/create?total=9428 --> us-central1-api
[debug] [2026-05-15T16:08:52.935Z] [functions] Runtime ready! Sending request! {"metadata":{"emulator":{"name":"functions"},"message":"[functions] Runtime ready! Sending request!"}}
[debug] [2026-05-15T16:08:52.937Z] [functions] Got req.url=/clon-2024/us-central1/api/payment/create?total=9428, mapping to path=/payment/create?total=9428 {"metadata":{"emulator":{"name":"functions"},"message":"[functions] Got req.url=/clon-2024/us-central1/api/payment/create?total=9428, mapping to path=/payment/create?total=9428"}}
[info] i  functions: Loaded environment variables from .env. 
[debug] [2026-05-15T16:08:52.991Z] [worker-pool] addWorker(us-central1-api) {"metadata":{"emulator":{"name":"functions"},"message":"[worker-pool] addWorker(us-central1-api)"}}
[debug] [2026-05-15T16:08:52.995Z] [worker-pool] Adding worker with key us-central1-api, total=1 {"metadata":{"emulator":{"name":"functions"},"message":"[worker-pool] Adding worker with key us-central1-api, total=1"}}
[debug] [2026-05-15T16:08:56.364Z] [runtime-status] [844] Resolved module firebase-admin {"declared":true,"installed":true,"version":"12.7.0","resolution":"C:\\Users\\Local Admin\\Desktop\\amzon-clon-2024\\amzon-clon-2024\\Amazon-Clon-2024\\functions\\node_modules\\firebase-admin\\lib\\index.js"} {"metadata":{"emulator":{"name":"functions"},"function":{"name":"us-central1-api"},"extension":{},"message":"[runtime-status] [844] Resolved module firebase-admin {\"declared\":true,\"installed\":true,\"version\":\"12.7.0\",\"resolution\":\"C:\\\\Users\\\\Local Admin\\\\Desktop\\\\amzon-clon-2024\\\\amzon-clon-2024\\\\Amazon-Clon-2024\\\\functions\\\\node_modules\\\\firebase-admin\\\\lib\\\\index.js\"}"}}
[debug] [2026-05-15T16:08:56.368Z] [runtime-status] [844] Resolved module firebase-functions {"declared":true,"installed":true,"version":"6.1.2","resolution":"C:\\Users\\Local Admin\\Desktop\\amzon-clon-2024\\amzon-clon-2024\\Amazon-Clon-2024\\functions\\node_modules\\firebase-functions\\lib\\v2\\index.js"} {"metadata":{"emulator":{"name":"functions"},"function":{"name":"us-central1-api"},"extension":{},"message":"[runtime-status] [844] Resolved module firebase-functions {\"declared\":true,\"installed\":true,\"version\":\"6.1.2\",\"resolution\":\"C:\\\\Users\\\\Local Admin\\\\Desktop\\\\amzon-clon-2024\\\\amzon-clon-2024\\\\Amazon-Clon-2024\\\\functions\\\\node_modules\\\\firebase-functions\\\\lib\\\\v2\\\\index.js\"}"}}
[debug] [2026-05-15T16:08:56.369Z] [runtime-status] [844] Outgoing network have been stubbed. [{"name":"http","status":"mocked"},{"name":"http","status":"mocked"},{"name":"https","status":"mocked"},{"name":"https","status":"mocked"},{"name":"net","status":"mocked"}] {"metadata":{"emulator":{"name":"functions"},"function":{"name":"us-central1-api"},"extension":{},"message":"[runtime-status] [844] Outgoing network have been stubbed. [{\"name\":\"http\",\"status\":\"mocked\"},{\"name\":\"http\",\"status\":\"mocked\"},{\"name\":\"https\",\"status\":\"mocked\"},{\"name\":\"https\",\"status\":\"mocked\"},{\"name\":\"net\",\"status\":\"mocked\"}]"}}
[debug] [2026-05-15T16:08:56.372Z] [runtime-status] [844] Resolved module firebase-functions {"declared":true,"installed":true,"version":"6.1.2","resolution":"C:\\Users\\Local Admin\\Desktop\\amzon-clon-2024\\amzon-clon-2024\\Amazon-Clon-2024\\functions\\node_modules\\firebase-functions\\lib\\v2\\index.js"} {"metadata":{"emulator":{"name":"functions"},"function":{"name":"us-central1-api"},"extension":{},"message":"[runtime-status] [844] Resolved module firebase-functions {\"declared\":true,\"installed\":true,\"version\":\"6.1.2\",\"resolution\":\"C:\\\\Users\\\\Local Admin\\\\Desktop\\\\amzon-clon-2024\\\\amzon-clon-2024\\\\Amazon-Clon-2024\\\\functions\\\\node_modules\\\\firebase-functions\\\\lib\\\\v2\\\\index.js\"}"}}
[debug] [2026-05-15T16:08:56.980Z] [runtime-status] [844] Resolved module firebase-admin {"declared":true,"installed":true,"version":"12.7.0","resolution":"C:\\Users\\Local Admin\\Desktop\\amzon-clon-2024\\amzon-clon-2024\\Amazon-Clon-2024\\functions\\node_modules\\firebase-admin\\lib\\index.js"} {"metadata":{"emulator":{"name":"functions"},"function":{"name":"us-central1-api"},"extension":{},"message":"[runtime-status] [844] Resolved module firebase-admin {\"declared\":true,\"installed\":true,\"version\":\"12.7.0\",\"resolution\":\"C:\\\\Users\\\\Local Admin\\\\Desktop\\\\amzon-clon-2024\\\\amzon-clon-2024\\\\Amazon-Clon-2024\\\\functions\\\\node_modules\\\\firebase-admin\\\\lib\\\\index.js\"}"}}
[debug] [2026-05-15T16:08:56.987Z] [runtime-status] [844] Resolved module firebase-functions {"declared":true,"installed":true,"version":"6.1.2","resolution":"C:\\Users\\Local Admin\\Desktop\\amzon-clon-2024\\amzon-clon-2024\\Amazon-Clon-2024\\functions\\node_modules\\firebase-functions\\lib\\v2\\index.js"} {"metadata":{"emulator":{"name":"functions"},"function":{"name":"us-central1-api"},"extension":{},"message":"[runtime-status] [844] Resolved module firebase-functions {\"declared\":true,\"installed\":true,\"version\":\"6.1.2\",\"resolution\":\"C:\\\\Users\\\\Local Admin\\\\Desktop\\\\amzon-clon-2024\\\\amzon-clon-2024\\\\Amazon-Clon-2024\\\\functions\\\\node_modules\\\\firebase-functions\\\\lib\\\\v2\\\\index.js\"}"}}
[debug] [2026-05-15T16:08:57.492Z] [runtime-status] [844] firebase-admin has been stubbed. {"adminResolution":{"declared":true,"installed":true,"version":"12.7.0","resolution":"C:\\Users\\Local Admin\\Desktop\\amzon-clon-2024\\amzon-clon-2024\\Amazon-Clon-2024\\functions\\node_modules\\firebase-admin\\lib\\index.js"}} {"metadata":{"emulator":{"name":"functions"},"function":{"name":"us-central1-api"},"extension":{},"message":"[runtime-status] [844] firebase-admin has been stubbed. {\"adminResolution\":{\"declared\":true,\"installed\":true,\"version\":\"12.7.0\",\"resolution\":\"C:\\\\Users\\\\Local Admin\\\\Desktop\\\\amzon-clon-2024\\\\amzon-clon-2024\\\\Amazon-Clon-2024\\\\functions\\\\node_modules\\\\firebase-admin\\\\lib\\\\index.js\"}}"}}
[debug] [2026-05-15T16:08:58.194Z] [runtime-status] [844] Functions runtime initialized. {"cwd":"C:\\Users\\Local Admin\\Desktop\\amzon-clon-2024\\amzon-clon-2024\\Amazon-Clon-2024\\functions","node_version":"24.15.0"} {"metadata":{"emulator":{"name":"functions"},"function":{"name":"us-central1-api"},"extension":{},"message":"[runtime-status] [844] Functions runtime initialized. {\"cwd\":\"C:\\\\Users\\\\Local Admin\\\\Desktop\\\\amzon-clon-2024\\\\amzon-clon-2024\\\\Amazon-Clon-2024\\\\functions\",\"node_version\":\"24.15.0\"}"}}
[debug] [2026-05-15T16:08:58.195Z] [runtime-status] [844] Listening to port: \\?\pipe\fire_emu_fa01ecbaf0df84fb {"metadata":{"emulator":{"name":"functions"},"function":{"name":"us-central1-api"},"extension":{},"message":"[runtime-status] [844] Listening to port: \\\\?\\pipe\\fire_emu_fa01ecbaf0df84fb"}}
[debug] [2026-05-15T16:08:58.235Z] [worker-us-central1-api-337007cf-eb4a-4aec-bdd2-36d67baa1e47]: IDLE {"metadata":{"emulator":{"name":"functions"},"function":{"name":"us-central1-api"},"extension":{},"message":"[worker-us-central1-api-337007cf-eb4a-4aec-bdd2-36d67baa1e47]: IDLE"}}
[debug] [2026-05-15T16:08:58.236Z] [worker-pool] submitRequest(triggerId=us-central1-api) {"metadata":{"emulator":{"name":"functions"},"message":"[worker-pool] submitRequest(triggerId=us-central1-api)"}}
[info] i  functions: Beginning execution of "us-central1-api" {"metadata":{"emulator":{"name":"functions"},"function":{"name":"us-central1-api"},"extension":{},"message":"Beginning execution of \"us-central1-api\""}}
[debug] [2026-05-15T16:08:58.237Z] [worker-us-central1-api-337007cf-eb4a-4aec-bdd2-36d67baa1e47]: BUSY {"metadata":{"emulator":{"name":"functions"},"function":{"name":"us-central1-api"},"extension":{},"message":"[worker-us-central1-api-337007cf-eb4a-4aec-bdd2-36d67baa1e47]: BUSY"}}
[debug] [2026-05-15T16:09:07.655Z] Finishing up request with event=pause {"metadata":{"emulator":{"name":"functions"},"function":{"name":"us-central1-api"},"extension":{},"message":"Finishing up request with event=pause"}}
[info] i  functions: Finished "us-central1-api" in 9418.510219ms {"metadata":{"emulator":{"name":"functions"},"function":{"name":"us-central1-api"},"extension":{},"message":"Finished \"us-central1-api\" in 9418.510219ms"}}
[debug] [2026-05-15T16:09:07.657Z] [worker-us-central1-api-337007cf-eb4a-4aec-bdd2-36d67baa1e47]: IDLE {"metadata":{"emulator":{"name":"functions"},"function":{"name":"us-central1-api"},"extension":{},"message":"[worker-us-central1-api-337007cf-eb4a-4aec-bdd2-36d67baa1e47]: IDLE"}}
[debug] [2026-05-15T16:09:07.658Z] Finishing up request with event=finish {"metadata":{"emulator":{"name":"functions"},"function":{"name":"us-central1-api"},"extension":{},"message":"Finishing up request with event=finish"}}
[debug] [2026-05-15T16:09:07.659Z] Finishing up request with event=close {"metadata":{"emulator":{"name":"functions"},"function":{"name":"us-central1-api"},"extension":{},"message":"Finishing up request with event=close"}}
[debug] [2026-05-15T16:09:07.660Z] [work-queue] {"queuedWork":[],"queueLength":0,"runningWork":[],"workRunningCount":0}
[debug] [2026-05-15T16:11:40.770Z] [work-queue] {"queuedWork":["/clon-2024/us-central1/api/payment/create-2026-05-15T16:11:40.770Z"],"queueLength":1,"runningWork":[],"workRunningCount":0}
[debug] [2026-05-15T16:11:40.770Z] [work-queue] {"queuedWork":[],"queueLength":0,"runningWork":["/clon-2024/us-central1/api/payment/create-2026-05-15T16:11:40.770Z"],"workRunningCount":1}
[debug] [2026-05-15T16:11:40.771Z] Accepted request POST /clon-2024/us-central1/api/payment/create?total=9428 --> us-central1-api
[debug] [2026-05-15T16:11:40.775Z] [functions] Runtime ready! Sending request! {"metadata":{"emulator":{"name":"functions"},"message":"[functions] Runtime ready! Sending request!"}}
[debug] [2026-05-15T16:11:40.775Z] [functions] Got req.url=/clon-2024/us-central1/api/payment/create?total=9428, mapping to path=/payment/create?total=9428 {"metadata":{"emulator":{"name":"functions"},"message":"[functions] Got req.url=/clon-2024/us-central1/api/payment/create?total=9428, mapping to path=/payment/create?total=9428"}}
[debug] [2026-05-15T16:11:40.776Z] [worker-pool] submitRequest(triggerId=us-central1-api) {"metadata":{"emulator":{"name":"functions"},"message":"[worker-pool] submitRequest(triggerId=us-central1-api)"}}
[info] i  functions: Beginning execution of "us-central1-api" {"metadata":{"emulator":{"name":"functions"},"function":{"name":"us-central1-api"},"extension":{},"message":"Beginning execution of \"us-central1-api\""}}
[debug] [2026-05-15T16:11:40.776Z] [worker-us-central1-api-337007cf-eb4a-4aec-bdd2-36d67baa1e47]: BUSY {"metadata":{"emulator":{"name":"functions"},"function":{"name":"us-central1-api"},"extension":{},"message":"[worker-us-central1-api-337007cf-eb4a-4aec-bdd2-36d67baa1e47]: BUSY"}}
[debug] [2026-05-15T16:11:41.625Z] Finishing up request with event=pause {"metadata":{"emulator":{"name":"functions"},"function":{"name":"us-central1-api"},"extension":{},"message":"Finishing up request with event=pause"}}
[info] i  functions: Finished "us-central1-api" in 849.377747ms {"metadata":{"emulator":{"name":"functions"},"function":{"name":"us-central1-api"},"extension":{},"message":"Finished \"us-central1-api\" in 849.377747ms"}}
[debug] [2026-05-15T16:11:41.626Z] [worker-us-central1-api-337007cf-eb4a-4aec-bdd2-36d67baa1e47]: IDLE {"metadata":{"emulator":{"name":"functions"},"function":{"name":"us-central1-api"},"extension":{},"message":"[worker-us-central1-api-337007cf-eb4a-4aec-bdd2-36d67baa1e47]: IDLE"}}
[debug] [2026-05-15T16:11:41.627Z] Finishing up request with event=finish {"metadata":{"emulator":{"name":"functions"},"function":{"name":"us-central1-api"},"extension":{},"message":"Finishing up request with event=finish"}}
[debug] [2026-05-15T16:11:41.627Z] Finishing up request with event=close {"metadata":{"emulator":{"name":"functions"},"function":{"name":"us-central1-api"},"extension":{},"message":"Finishing up request with event=close"}}
[debug] [2026-05-15T16:11:41.627Z] [work-queue] {"queuedWork":[],"queueLength":0,"runningWork":[],"workRunningCount":0}
[debug] [2026-05-15T16:15:10.762Z] [work-queue] {"queuedWork":["/clon-2024/us-central1/api/payment/create-2026-05-15T16:15:10.762Z"],"queueLength":1,"runningWork":[],"workRunningCount":0}
[debug] [2026-05-15T16:15:10.763Z] [work-queue] {"queuedWork":[],"queueLength":0,"runningWork":["/clon-2024/us-central1/api/payment/create-2026-05-15T16:15:10.762Z"],"workRunningCount":1}
[debug] [2026-05-15T16:15:10.763Z] Accepted request POST /clon-2024/us-central1/api/payment/create?total=9428 --> us-central1-api
[debug] [2026-05-15T16:15:10.769Z] [functions] Runtime ready! Sending request! {"metadata":{"emulator":{"name":"functions"},"message":"[functions] Runtime ready! Sending request!"}}
[debug] [2026-05-15T16:15:10.770Z] [functions] Got req.url=/clon-2024/us-central1/api/payment/create?total=9428, mapping to path=/payment/create?total=9428 {"metadata":{"emulator":{"name":"functions"},"message":"[functions] Got req.url=/clon-2024/us-central1/api/payment/create?total=9428, mapping to path=/payment/create?total=9428"}}
[debug] [2026-05-15T16:15:10.770Z] [worker-pool] submitRequest(triggerId=us-central1-api) {"metadata":{"emulator":{"name":"functions"},"message":"[worker-pool] submitRequest(triggerId=us-central1-api)"}}
[info] i  functions: Beginning execution of "us-central1-api" {"metadata":{"emulator":{"name":"functions"},"function":{"name":"us-central1-api"},"extension":{},"message":"Beginning execution of \"us-central1-api\""}}
[debug] [2026-05-15T16:15:10.772Z] [worker-us-central1-api-337007cf-eb4a-4aec-bdd2-36d67baa1e47]: BUSY {"metadata":{"emulator":{"name":"functions"},"function":{"name":"us-central1-api"},"extension":{},"message":"[worker-us-central1-api-337007cf-eb4a-4aec-bdd2-36d67baa1e47]: BUSY"}}
[debug] [2026-05-15T16:15:11.980Z] Finishing up request with event=pause {"metadata":{"emulator":{"name":"functions"},"function":{"name":"us-central1-api"},"extension":{},"message":"Finishing up request with event=pause"}}
[info] i  functions: Finished "us-central1-api" in 1208.619717ms {"metadata":{"emulator":{"name":"functions"},"function":{"name":"us-central1-api"},"extension":{},"message":"Finished \"us-central1-api\" in 1208.619717ms"}}
[debug] [2026-05-15T16:15:11.982Z] [worker-us-central1-api-337007cf-eb4a-4aec-bdd2-36d67baa1e47]: IDLE {"metadata":{"emulator":{"name":"functions"},"function":{"name":"us-central1-api"},"extension":{},"message":"[worker-us-central1-api-337007cf-eb4a-4aec-bdd2-36d67baa1e47]: IDLE"}}
[debug] [2026-05-15T16:15:11.982Z] Finishing up request with event=finish {"metadata":{"emulator":{"name":"functions"},"function":{"name":"us-central1-api"},"extension":{},"message":"Finishing up request with event=finish"}}
[debug] [2026-05-15T16:15:11.983Z] Finishing up request with event=close {"metadata":{"emulator":{"name":"functions"},"function":{"name":"us-central1-api"},"extension":{},"message":"Finishing up request with event=close"}}
[debug] [2026-05-15T16:15:11.983Z] [work-queue] {"queuedWork":[],"queueLength":0,"runningWork":[],"workRunningCount":0}
[debug] [2026-05-15T16:15:38.009Z] [work-queue] {"queuedWork":["/clon-2024/us-central1/api/payment/create-2026-05-15T16:15:38.009Z"],"queueLength":1,"runningWork":[],"workRunningCount":0}
[debug] [2026-05-15T16:15:38.009Z] [work-queue] {"queuedWork":[],"queueLength":0,"runningWork":["/clon-2024/us-central1/api/payment/create-2026-05-15T16:15:38.009Z"],"workRunningCount":1}
[debug] [2026-05-15T16:15:38.010Z] Accepted request POST /clon-2024/us-central1/api/payment/create?total=9428 --> us-central1-api
[debug] [2026-05-15T16:15:38.016Z] [functions] Runtime ready! Sending request! {"metadata":{"emulator":{"name":"functions"},"message":"[functions] Runtime ready! Sending request!"}}
[debug] [2026-05-15T16:15:38.016Z] [functions] Got req.url=/clon-2024/us-central1/api/payment/create?total=9428, mapping to path=/payment/create?total=9428 {"metadata":{"emulator":{"name":"functions"},"message":"[functions] Got req.url=/clon-2024/us-central1/api/payment/create?total=9428, mapping to path=/payment/create?total=9428"}}
[debug] [2026-05-15T16:15:38.017Z] [worker-pool] submitRequest(triggerId=us-central1-api) {"metadata":{"emulator":{"name":"functions"},"message":"[worker-pool] submitRequest(triggerId=us-central1-api)"}}
[info] i  functions: Beginning execution of "us-central1-api" {"metadata":{"emulator":{"name":"functions"},"function":{"name":"us-central1-api"},"extension":{},"message":"Beginning execution of \"us-central1-api\""}}
[debug] [2026-05-15T16:15:38.019Z] [worker-us-central1-api-337007cf-eb4a-4aec-bdd2-36d67baa1e47]: BUSY {"metadata":{"emulator":{"name":"functions"},"function":{"name":"us-central1-api"},"extension":{},"message":"[worker-us-central1-api-337007cf-eb4a-4aec-bdd2-36d67baa1e47]: BUSY"}}
[debug] [2026-05-15T16:15:38.605Z] Finishing up request with event=pause {"metadata":{"emulator":{"name":"functions"},"function":{"name":"us-central1-api"},"extension":{},"message":"Finishing up request with event=pause"}}
[info] i  functions: Finished "us-central1-api" in 586.543832ms {"metadata":{"emulator":{"name":"functions"},"function":{"name":"us-central1-api"},"extension":{},"message":"Finished \"us-central1-api\" in 586.543832ms"}}
[debug] [2026-05-15T16:15:38.606Z] [worker-us-central1-api-337007cf-eb4a-4aec-bdd2-36d67baa1e47]: IDLE {"metadata":{"emulator":{"name":"functions"},"function":{"name":"us-central1-api"},"extension":{},"message":"[worker-us-central1-api-337007cf-eb4a-4aec-bdd2-36d67baa1e47]: IDLE"}}
[debug] [2026-05-15T16:15:38.607Z] Finishing up request with event=finish {"metadata":{"emulator":{"name":"functions"},"function":{"name":"us-central1-api"},"extension":{},"message":"Finishing up request with event=finish"}}
[debug] [2026-05-15T16:15:38.607Z] Finishing up request with event=close {"metadata":{"emulator":{"name":"functions"},"function":{"name":"us-central1-api"},"extension":{},"message":"Finishing up request with event=close"}}
[debug] [2026-05-15T16:15:38.608Z] [work-queue] {"queuedWork":[],"queueLength":0,"runningWork":[],"workRunningCount":0}
[debug] [2026-05-15T16:22:53.163Z] [work-queue] {"queuedWork":["/clon-2024/us-central1/api/payment/create-2026-05-15T16:22:53.163Z"],"queueLength":1,"runningWork":[],"workRunningCount":0}
[debug] [2026-05-15T16:22:53.164Z] [work-queue] {"queuedWork":[],"queueLength":0,"runningWork":["/clon-2024/us-central1/api/payment/create-2026-05-15T16:22:53.163Z"],"workRunningCount":1}
[debug] [2026-05-15T16:22:53.164Z] Accepted request POST /clon-2024/us-central1/api/payment/create?total=9428 --> us-central1-api
[debug] [2026-05-15T16:22:53.171Z] [functions] Runtime ready! Sending request! {"metadata":{"emulator":{"name":"functions"},"message":"[functions] Runtime ready! Sending request!"}}
[debug] [2026-05-15T16:22:53.172Z] [functions] Got req.url=/clon-2024/us-central1/api/payment/create?total=9428, mapping to path=/payment/create?total=9428 {"metadata":{"emulator":{"name":"functions"},"message":"[functions] Got req.url=/clon-2024/us-central1/api/payment/create?total=9428, mapping to path=/payment/create?total=9428"}}
[debug] [2026-05-15T16:22:53.172Z] [worker-pool] submitRequest(triggerId=us-central1-api) {"metadata":{"emulator":{"name":"functions"},"message":"[worker-pool] submitRequest(triggerId=us-central1-api)"}}
[info] i  functions: Beginning execution of "us-central1-api" {"metadata":{"emulator":{"name":"functions"},"function":{"name":"us-central1-api"},"extension":{},"message":"Beginning execution of \"us-central1-api\""}}
[debug] [2026-05-15T16:22:53.174Z] [worker-us-central1-api-337007cf-eb4a-4aec-bdd2-36d67baa1e47]: BUSY {"metadata":{"emulator":{"name":"functions"},"function":{"name":"us-central1-api"},"extension":{},"message":"[worker-us-central1-api-337007cf-eb4a-4aec-bdd2-36d67baa1e47]: BUSY"}}
[debug] [2026-05-15T16:22:54.422Z] Finishing up request with event=pause {"metadata":{"emulator":{"name":"functions"},"function":{"name":"us-central1-api"},"extension":{},"message":"Finishing up request with event=pause"}}
[info] i  functions: Finished "us-central1-api" in 1248.453821ms {"metadata":{"emulator":{"name":"functions"},"function":{"name":"us-central1-api"},"extension":{},"message":"Finished \"us-central1-api\" in 1248.453821ms"}}
[debug] [2026-05-15T16:22:54.424Z] [worker-us-central1-api-337007cf-eb4a-4aec-bdd2-36d67baa1e47]: IDLE {"metadata":{"emulator":{"name":"functions"},"function":{"name":"us-central1-api"},"extension":{},"message":"[worker-us-central1-api-337007cf-eb4a-4aec-bdd2-36d67baa1e47]: IDLE"}}
[debug] [2026-05-15T16:22:54.425Z] Finishing up request with event=finish {"metadata":{"emulator":{"name":"functions"},"function":{"name":"us-central1-api"},"extension":{},"message":"Finishing up request with event=finish"}}
[debug] [2026-05-15T16:22:54.425Z] Finishing up request with event=close {"metadata":{"emulator":{"name":"functions"},"function":{"name":"us-central1-api"},"extension":{},"message":"Finishing up request with event=close"}}
[debug] [2026-05-15T16:22:54.425Z] [work-queue] {"queuedWork":[],"queueLength":0,"runningWork":[],"workRunningCount":0}
[debug] [2026-05-15T16:22:56.280Z] [work-queue] {"queuedWork":["/clon-2024/us-central1/api/payment/create-2026-05-15T16:22:56.280Z"],"queueLength":1,"runningWork":[],"workRunningCount":0}
[debug] [2026-05-15T16:22:56.280Z] [work-queue] {"queuedWork":[],"queueLength":0,"runningWork":["/clon-2024/us-central1/api/payment/create-2026-05-15T16:22:56.280Z"],"workRunningCount":1}
[debug] [2026-05-15T16:22:56.281Z] Accepted request POST /clon-2024/us-central1/api/payment/create?total=9428 --> us-central1-api
[debug] [2026-05-15T16:22:56.284Z] [functions] Runtime ready! Sending request! {"metadata":{"emulator":{"name":"functions"},"message":"[functions] Runtime ready! Sending request!"}}
[debug] [2026-05-15T16:22:56.284Z] [functions] Got req.url=/clon-2024/us-central1/api/payment/create?total=9428, mapping to path=/payment/create?total=9428 {"metadata":{"emulator":{"name":"functions"},"message":"[functions] Got req.url=/clon-2024/us-central1/api/payment/create?total=9428, mapping to path=/payment/create?total=9428"}}
[debug] [2026-05-15T16:22:56.284Z] [worker-pool] submitRequest(triggerId=us-central1-api) {"metadata":{"emulator":{"name":"functions"},"message":"[worker-pool] submitRequest(triggerId=us-central1-api)"}}
[info] i  functions: Beginning execution of "us-central1-api" {"metadata":{"emulator":{"name":"functions"},"function":{"name":"us-central1-api"},"extension":{},"message":"Beginning execution of \"us-central1-api\""}}
[debug] [2026-05-15T16:22:56.286Z] [worker-us-central1-api-337007cf-eb4a-4aec-bdd2-36d67baa1e47]: BUSY {"metadata":{"emulator":{"name":"functions"},"function":{"name":"us-central1-api"},"extension":{},"message":"[worker-us-central1-api-337007cf-eb4a-4aec-bdd2-36d67baa1e47]: BUSY"}}
[debug] [2026-05-15T16:22:56.822Z] Finishing up request with event=pause {"metadata":{"emulator":{"name":"functions"},"function":{"name":"us-central1-api"},"extension":{},"message":"Finishing up request with event=pause"}}
[info] i  functions: Finished "us-central1-api" in 536.593869ms {"metadata":{"emulator":{"name":"functions"},"function":{"name":"us-central1-api"},"extension":{},"message":"Finished \"us-central1-api\" in 536.593869ms"}}
[debug] [2026-05-15T16:22:56.825Z] [worker-us-central1-api-337007cf-eb4a-4aec-bdd2-36d67baa1e47]: IDLE {"metadata":{"emulator":{"name":"functions"},"function":{"name":"us-central1-api"},"extension":{},"message":"[worker-us-central1-api-337007cf-eb4a-4aec-bdd2-36d67baa1e47]: IDLE"}}
[debug] [2026-05-15T16:22:56.826Z] Finishing up request with event=finish {"metadata":{"emulator":{"name":"functions"},"function":{"name":"us-central1-api"},"extension":{},"message":"Finishing up request with event=finish"}}
[debug] [2026-05-15T16:22:56.828Z] Finishing up request with event=close {"metadata":{"emulator":{"name":"functions"},"function":{"name":"us-central1-api"},"extension":{},"message":"Finishing up request with event=close"}}
[debug] [2026-05-15T16:22:56.829Z] [work-queue] {"queuedWork":[],"queueLength":0,"runningWork":[],"workRunningCount":0}
